Argument,APV,AVP,Key,Diff,DiffAbs,Count
aha,-0.00514846763363661,0.0157354574154809,0.010586989781844292,-0.02088392504911751,0.02088392504911751,8.0
ako,0.0062169768915106985,-0.0031668638156286894,0.003050113075882009,0.009383840707139388,0.009383840707139388,6.0
atu,-0.0032799648312948375,0.0066831208299622516,0.003403155998667414,-0.009963085661257089,0.009963085661257089,6.0
au,0.020683998710670982,-0.008428972244536346,0.012255026466134637,0.02911297095520733,0.02911297095520733,14.0
awau,0.0062169768915106985,-0.0031668638156286894,0.003050113075882009,0.009383840707139388,0.009383840707139388,6.0
awhi,0.0062169768915106985,-0.0031668638156286894,0.003050113075882009,0.009383840707139388,0.009383840707139388,6.0
haki,-0.0032799648312948375,0.0066831208299622516,0.003403155998667414,-0.009963085661257089,0.009963085661257089,6.0
hau,0.0062169768915106985,-0.0031668638156286894,0.003050113075882009,0.009383840707139388,0.009383840707139388,6.0
henare,0.0062169768915106985,-0.0031668638156286894,0.003050113075882009,0.009383840707139388,0.009383840707139388,6.0
hoki,-0.0032799648312948375,0.0066831208299622516,0.003403155998667414,-0.009963085661257089,0.009963085661257089,6.0
huarahi,-0.008342694272161702,0.05099618752279125,0.04265349325062955,-0.059338881794952954,0.059338881794952954,14.0
hui,-0.00390848199022303,0.0059728210695661815,0.002064339079343151,-0.009881303059789213,0.009881303059789213,10.0
hīnau,-0.0032799648312948375,0.0066831208299622516,0.003403155998667414,-0.009963085661257089,0.009963085661257089,6.0
ia,0.062171127781428345,-0.009048380099644501,0.05312274768178384,0.07121950788107284,0.07121950788107284,16.0
ingoa,-0.0032799648312948375,0.0066831208299622516,0.003403155998667414,-0.009963085661257089,0.009963085661257089,6.0
ināianei,0.0062169768915106985,-0.0031668638156286894,0.003050113075882009,0.009383840707139388,0.009383840707139388,6.0
iwi,0.0062169768915106985,-0.0031668638156286894,0.003050113075882009,0.009383840707139388,0.009383840707139388,6.0
kai,-0.0032799648312948375,0.0066831208299622516,0.003403155998667414,-0.009963085661257089,0.009963085661257089,6.0
kaupapa,-0.00025721457830923136,0.00026204489902865346,4.830320719422096e-06,-0.0005192594773378848,0.0005192594773378848,12.0
kawa,-0.0032799648312948375,0.0066831208299622516,0.003403155998667414,-0.009963085661257089,0.009963085661257089,6.0
kawenga,0.0062169768915106985,-0.0031668638156286894,0.003050113075882009,0.009383840707139388,0.009383840707139388,6.0
koe,0.07597553378244429,-0.009675288046238505,0.06630024573620578,0.08565082182868279,0.08565082182868279,18.0
koha,-0.0032799648312948375,0.0066831208299622516,0.003403155998667414,-0.009963085661257089,0.009963085661257089,6.0
konei,0.0062169768915106985,-0.0031668638156286894,0.003050113075882009,0.009383840707139388,0.009383840707139388,6.0
koro,0.0062169768915106985,-0.0031668638156286894,0.003050113075882009,0.009383840707139388,0.009383840707139388,6.0
kotahitanga,-0.0032799648312948375,0.0066831208299622516,0.003403155998667414,-0.009963085661257089,0.009963085661257089,6.0
koutou,0.09035748620067587,-0.010228260044625282,0.08012922615605059,0.10058574624530114,0.10058574624530114,20.0
ku,-0.00017147638553948813,0.00017469659935243626,3.220213812948127e-06,-0.00034617298489192437,0.00034617298489192437,8.0
kupu,0.0062169768915106985,-0.0031668638156286894,0.003050113075882009,0.009383840707139388,0.009383840707139388,6.0
kāwanatanga,0.0062169768915106985,-0.0031668638156286894,0.003050113075882009,0.009383840707139388,0.009383840707139388,6.0
kōkiri,-0.0032799648312948375,0.0066831208299622516,0.003403155998667414,-0.009963085661257089,0.009963085661257089,6.0
kōrero,-0.0075025027661987775,0.03821697418462758,0.0307144714184288,-0.04571947695082636,0.04571947695082636,12.0
kūmara,-0.0032799648312948375,0.0066831208299622516,0.003403155998667414,-0.009963085661257089,0.009963085661257089,6.0
mahi,-0.00514846763363661,0.0157354574154809,0.010586989781844292,-0.02088392504911751,0.02088392504911751,8.0
mana,0.0062169768915106985,-0.0031668638156286894,0.003050113075882009,0.009383840707139388,0.009383840707139388,6.0
manaakitanga,-0.0032799648312948375,0.0066831208299622516,0.003403155998667414,-0.009963085661257089,0.009963085661257089,6.0
manuhiri,0.0062169768915106985,-0.0031668638156286894,0.003050113075882009,0.009383840707139388,0.009383840707139388,6.0
mea,-0.0032799648312948375,0.0066831208299622516,0.003403155998667414,-0.009963085661257089,0.009963085661257089,6.0
mema,-0.0032799648312948375,0.0066831208299622516,0.003403155998667414,-0.009963085661257089,0.009963085661257089,6.0
mere,-0.0032799648312948375,0.0066831208299622516,0.003403155998667414,-0.009963085661257089,0.009963085661257089,6.0
mokopuna,-0.0032799648312948375,0.0066831208299622516,0.003403155998667414,-0.009963085661257089,0.009963085661257089,6.0
mua,0.0062169768915106985,-0.0031668638156286894,0.003050113075882009,0.009383840707139388,0.009383840707139388,6.0
muri-whenua,0.0062169768915106985,-0.0031668638156286894,0.003050113075882009,0.009383840707139388,0.009383840707139388,6.0
māori,0.005348293828716083,-0.0036324875143392485,0.0017158063143768347,0.00898078134305533,0.00898078134305533,10.0
mātou,0.004959942573654313,-0.003789815276348542,0.0011701272973057707,0.008749757850002855,0.008749757850002855,14.0
māua,0.0062169768915106985,-0.0031668638156286894,0.003050113075882009,0.009383840707139388,0.009383840707139388,6.0
na,-0.00017147638553948813,0.00017469659935243626,3.220213812948127e-06,-0.00034617298489192437,0.00034617298489192437,8.0
nama,0.0062169768915106985,-0.0031668638156286894,0.003050113075882009,0.009383840707139388,0.009383840707139388,6.0
ngāti,0.014930973744291365,-0.005070455872474532,0.009860517871816833,0.020001429616765896,0.020001429616765896,8.0
noho,-0.0032799648312948375,0.0066831208299622516,0.003403155998667414,-0.009963085661257089,0.009963085661257089,6.0
nuinga,-0.00017147638553948813,0.00017469659935243626,3.220213812948127e-06,-0.00034617298489192437,0.00034617298489192437,8.0
oranga,-0.0032799648312948375,0.0066831208299622516,0.003403155998667414,-0.009963085661257089,0.009963085661257089,6.0
painga,-0.0032799648312948375,0.0066831208299622516,0.003403155998667414,-0.009963085661257089,0.009963085661257089,6.0
pakanga,-0.0032799648312948375,0.0066831208299622516,0.003403155998667414,-0.009963085661257089,0.009963085661257089,6.0
pakeke,-0.0032799648312948375,0.0066831208299622516,0.003403155998667414,-0.009963085661257089,0.009963085661257089,6.0
paki,-0.0032799648312948375,0.0066831208299622516,0.003403155998667414,-0.009963085661257089,0.009963085661257089,6.0
pana,-0.0032799648312948375,0.0066831208299622516,0.003403155998667414,-0.009963085661257089,0.009963085661257089,6.0
paora,0.0062169768915106985,-0.0031668638156286894,0.003050113075882009,0.009383840707139388,0.009383840707139388,6.0
patupaiarehe,0.0062169768915106985,-0.0031668638156286894,0.003050113075882009,0.009383840707139388,0.009383840707139388,6.0
puehu,-0.0032799648312948375,0.0066831208299622516,0.003403155998667414,-0.009963085661257089,0.009963085661257089,6.0
pā,0.0062169768915106985,-0.0031668638156286894,0.003050113075882009,0.009383840707139388,0.009383840707139388,6.0
pātai,0.0062169768915106985,-0.0031668638156286894,0.003050113075882009,0.009383840707139388,0.009383840707139388,6.0
pēhea,-0.0032799648312948375,0.0066831208299622516,0.003403155998667414,-0.009963085661257089,0.009963085661257089,6.0
pēke,0.0062169768915106985,-0.0031668638156286894,0.003050113075882009,0.009383840707139388,0.009383840707139388,6.0
pēpi,-0.0032799648312948375,0.0066831208299622516,0.003403155998667414,-0.009963085661257089,0.009963085661257089,6.0
pītau,0.0062169768915106985,-0.0031668638156286894,0.003050113075882009,0.009383840707139388,0.009383840707139388,6.0
pū,-0.00514846763363661,0.0157354574154809,0.010586989781844292,-0.02088392504911751,0.02088392504911751,8.0
reira,-0.0032799648312948375,0.0066831208299622516,0.003403155998667414,-0.009963085661257089,0.009963085661257089,6.0
reo,-0.0032799648312948375,0.0066831208299622516,0.003403155998667414,-0.009963085661257089,0.009963085661257089,6.0
rite,-0.0032799648312948375,0.0066831208299622516,0.003403155998667414,-0.009963085661257089,0.009963085661257089,6.0
rohe,0.0062169768915106985,-0.0031668638156286894,0.003050113075882009,0.009383840707139388,0.009383840707139388,6.0
roto,-0.00514846763363661,0.0157354574154809,0.010586989781844292,-0.02088392504911751,0.02088392504911751,8.0
runga,-0.006474191469819931,0.026383090121144134,0.019908898651324204,-0.032857281590964064,0.032857281590964064,10.0
rā,-0.0032799648312948375,0.0066831208299622516,0.003403155998667414,-0.009963085661257089,0.009963085661257089,6.0
rātou,0.020683998710670982,-0.008428972244536346,0.012255026466134637,0.02911297095520733,0.02911297095520733,14.0
rāwāhi,-0.0032799648312948375,0.0066831208299622516,0.003403155998667414,-0.009963085661257089,0.009963085661257089,6.0
rīpoata,-0.0032799648312948375,0.0066831208299622516,0.003403155998667414,-0.009963085661257089,0.009963085661257089,6.0
rīwai,-0.0032799648312948375,0.0066831208299622516,0.003403155998667414,-0.009963085661257089,0.009963085661257089,6.0
rūātoki,-0.0032799648312948375,0.0066831208299622516,0.003403155998667414,-0.009963085661257089,0.009963085661257089,6.0
tai,0.0062169768915106985,-0.0031668638156286894,0.003050113075882009,0.009383840707139388,0.009383840707139388,6.0
take,-0.0032799648312948375,0.0066831208299622516,0.003403155998667414,-0.009963085661257089,0.009963085661257089,6.0
tama-nui-te-rā,-0.0032799648312948375,0.0066831208299622516,0.003403155998667414,-0.009963085661257089,0.009963085661257089,6.0
tangata,0.0062169768915106985,-0.0031668638156286894,0.003050113075882009,0.009383840707139388,0.009383840707139388,6.0
taonga,-0.00017147638553948813,0.00017469659935243626,3.220213812948127e-06,-0.00034617298489192437,0.00034617298489192437,8.0
tapu,-0.0032799648312948375,0.0066831208299622516,0.003403155998667414,-0.009963085661257089,0.009963085661257089,6.0
tikanga,-0.00017147638553948813,0.00017469659935243626,3.220213812948127e-06,-0.00034617298489192437,0.00034617298489192437,8.0
tohunga,0.0062169768915106985,-0.0031668638156286894,0.003050113075882009,0.009383840707139388,0.009383840707139388,6.0
tonu,0.0062169768915106985,-0.0031668638156286894,0.003050113075882009,0.009383840707139388,0.009383840707139388,6.0
tāngata,-0.0032799648312948375,0.0066831208299622516,0.003403155998667414,-0.009963085661257089,0.009963085661257089,6.0
tātou,0.05042172067424354,-0.012842151861867193,0.03757956881237635,0.06326387253611074,0.06326387253611074,20.0
tēhea,-0.0032799648312948375,0.0066831208299622516,0.003403155998667414,-0.009963085661257089,0.009963085661257089,6.0
tēnei,0.012433953783021397,-0.006333727631257379,0.006100226151764018,0.018767681414278776,0.018767681414278776,12.0
tēnā,0.02521086033712177,-0.006421075930933597,0.018789784406188174,0.03163193626805537,0.03163193626805537,10.0
tērā,0.0062169768915106985,-0.0031668638156286894,0.003050113075882009,0.009383840707139388,0.009383840707139388,6.0
tētahi,0.014930973744291365,-0.005070455872474532,0.009860517871816833,0.020001429616765896,0.020001429616765896,8.0
tōnamana,-0.0032799648312948375,0.0066831208299622516,0.003403155998667414,-0.009963085661257089,0.009963085661257089,6.0
tūpuna,-0.0032799648312948375,0.0066831208299622516,0.003403155998667414,-0.009963085661257089,0.009963085661257089,6.0
tūranga,-0.0032799648312948375,0.0066831208299622516,0.003403155998667414,-0.009963085661257089,0.009963085661257089,6.0
tūruhi,-0.0032799648312948375,0.0066831208299622516,0.003403155998667414,-0.009963085661257089,0.009963085661257089,6.0
utu,0.0062169768915106985,-0.0031668638156286894,0.003050113075882009,0.009383840707139388,0.009383840707139388,6.0
wai,-0.00514846763363661,0.0157354574154809,0.010586989781844292,-0.02088392504911751,0.02088392504911751,8.0
whakahoki,-0.0032799648312948375,0.0066831208299622516,0.003403155998667414,-0.009963085661257089,0.009963085661257089,6.0
whakamoemiti,-0.0032799648312948375,0.0066831208299622516,0.003403155998667414,-0.009963085661257089,0.009963085661257089,6.0
whakangaro,-0.0032799648312948375,0.0066831208299622516,0.003403155998667414,-0.009963085661257089,0.009963085661257089,6.0
whakapau,0.0062169768915106985,-0.0031668638156286894,0.003050113075882009,0.009383840707139388,0.009383840707139388,6.0
whakapono,-0.0032799648312948375,0.0066831208299622516,0.003403155998667414,-0.009963085661257089,0.009963085661257089,6.0
whakarewa,-0.0032799648312948375,0.0066831208299622516,0.003403155998667414,-0.009963085661257089,0.009963085661257089,6.0
whakawhiti,0.0062169768915106985,-0.0031668638156286894,0.003050113075882009,0.009383840707139388,0.009383840707139388,6.0
whare,-0.00025721457830923136,0.00026204489902865346,4.830320719422096e-06,-0.0005192594773378848,0.0005192594773378848,12.0
whawhai,-0.0032799648312948375,0.0066831208299622516,0.003403155998667414,-0.009963085661257089,0.009963085661257089,6.0
whenua,-0.00017147638553948813,0.00017469659935243626,3.220213812948127e-06,-0.00034617298489192437,0.00034617298489192437,8.0
wā,-0.00514846763363661,0.0157354574154809,0.010586989781844292,-0.02088392504911751,0.02088392504911751,8.0
wāhanga,-0.00017147638553948813,0.00017469659935243626,3.220213812948127e-06,-0.00034617298489192437,0.00034617298489192437,8.0
wāhi,-0.0032799648312948375,0.0066831208299622516,0.003403155998667414,-0.009963085661257089,0.009963085661257089,6.0
āhuaranga,0.0062169768915106985,-0.0031668638156286894,0.003050113075882009,0.009383840707139388,0.009383840707139388,6.0
āhuatanga,-0.0032799648312948375,0.0066831208299622516,0.003403155998667414,-0.009963085661257089,0.009963085661257089,6.0
ēnei,0.0062169768915106985,-0.0031668638156286894,0.003050113075882009,0.009383840707139388,0.009383840707139388,6.0
ērā,0.0062169768915106985,-0.0031668638156286894,0.003050113075882009,0.009383840707139388,0.009383840707139388,6.0
