SubHead,AVP,APV,Key,Diff,DiffAbs,Count
aituā,0.001006673665211798,-0.0006894522734419601,0.00031722139176983794,0.0016961259386537582,0.0016961259386537582,6.0
ako,-0.011188281305968729,0.03721857616848926,0.02603029486252053,-0.04840685747445799,0.04840685747445799,48.0
arataki,-0.0012552043182459146,0.0017193326909306517,0.0004641283726847371,-0.0029745370091765664,0.0029745370091765664,12.0
atawhai,0.001006673665211798,-0.0006894522734419601,0.00031722139176983794,0.0016961259386537582,0.0016961259386537582,6.0
aukati,-0.0013401397114365086,0.0036713481347914554,0.002331208423354947,-0.005011487846227964,0.005011487846227964,6.0
awhi,0.00036234265558984747,-0.0003308824250195086,3.146023057033889e-05,0.000693225080609356,0.000693225080609356,10.0
haere,0.00036234265558984747,-0.0003308824250195086,3.146023057033889e-05,0.000693225080609356,0.000693225080609356,10.0
haina,-0.0008368028788306094,0.0011462217939537675,0.00030941891512315813,-0.0019830246727843767,0.0019830246727843767,8.0
hanga,0.00593966888827683,-0.003615973287985571,0.002323695600291259,0.0095556421762624,0.0095556421762624,26.0
haramai,0.001006673665211798,-0.0006894522734419601,0.00031722139176983794,0.0016961259386537582,0.0016961259386537582,6.0
hari,-0.0010557153641996388,0.0012050667180906625,0.00014935135389102373,-0.0022607820822903016,0.0022607820822903016,22.0
harry,-0.0013401397114365086,0.0036713481347914554,0.002331208423354947,-0.005011487846227964,0.005011487846227964,6.0
hautū,-0.0013401397114365086,0.0036713481347914554,0.002331208423354947,-0.005011487846227964,0.005011487846227964,6.0
heke,0.001006673665211798,-0.0006894522734419601,0.00031722139176983794,0.0016961259386537582,0.0016961259386537582,6.0
here,-0.0013401397114365086,0.0036713481347914554,0.002331208423354947,-0.005011487846227964,0.005011487846227964,6.0
heri,0.003127557471653459,-0.0014280043829285982,0.0016995530887248607,0.0045555618545820575,0.0045555618545820575,8.0
hiahia,0.001006673665211798,-0.0006894522734419601,0.00031722139176983794,0.0016961259386537582,0.0016961259386537582,6.0
hiki,0.004958271071314176,-0.0029107102620048874,0.0020475608093092888,0.007868981333319064,0.007868981333319064,20.0
hoatu,0.011785544575434142,-0.002690567553347442,0.0090949770220867,0.014476112128781584,0.014476112128781584,14.0
hohou,0.001006673665211798,-0.0006894522734419601,0.00031722139176983794,0.0016961259386537582,0.0016961259386537582,6.0
hoko,0.003127557471653459,-0.0014280043829285982,0.0016995530887248607,0.0045555618545820575,0.0045555618545820575,8.0
homai,0.002013347330423596,-0.0013789045468839201,0.0006344427835396759,0.0033922518773075163,0.0033922518773075163,12.0
hopu,0.00570030041850841,-0.001952015443860804,0.0037482849746476063,0.007652315862369214,0.007652315862369214,10.0
horoi,-0.0013401397114365086,0.0036713481347914554,0.002331208423354947,-0.005011487846227964,0.005011487846227964,6.0
hura,-0.0008368028788306094,0.0011462217939537675,0.00030941891512315813,-0.0019830246727843767,0.0019830246727843767,8.0
hāmene,0.00036234265558984747,-0.0003308824250195086,3.146023057033889e-05,0.000693225080609356,0.000693225080609356,10.0
hāpai,-0.0012552043182459146,0.0017193326909306517,0.0004641283726847371,-0.0029745370091765664,0.0029745370091765664,12.0
ingarangi,-0.0013401397114365086,0.0036713481347914554,0.002331208423354947,-0.005011487846227964,0.005011487846227964,6.0
inoi,0.00036234265558984747,-0.0003308824250195086,3.146023057033889e-05,0.000693225080609356,0.000693225080609356,10.0
kaiwhakahaere,-0.0013401397114365086,0.0036713481347914554,0.002331208423354947,-0.005011487846227964,0.005011487846227964,6.0
kaiārahi,-0.0013401397114365086,0.0036713481347914554,0.002331208423354947,-0.005011487846227964,0.005011487846227964,6.0
kapo,-0.0013401397114365086,0.0036713481347914554,0.002331208423354947,-0.005011487846227964,0.005011487846227964,6.0
karanga,0.006255114943306918,-0.0028560087658571964,0.0033991061774497214,0.009111123709164115,0.009111123709164115,16.0
kawe,0.00593966888827683,-0.003615973287985571,0.002323695600291259,0.0095556421762624,0.0095556421762624,26.0
kimi,0.011785544575434142,-0.002690567553347442,0.0090949770220867,0.014476112128781584,0.014476112128781584,14.0
kiri,0.001006673665211798,-0.0006894522734419601,0.00031722139176983794,0.0016961259386537582,0.0016961259386537582,6.0
kite,0.001006673665211798,-0.0006894522734419601,0.00031722139176983794,0.0016961259386537582,0.0016961259386537582,6.0
kohi,0.003127557471653459,-0.0014280043829285982,0.0016995530887248607,0.0045555618545820575,0.0045555618545820575,8.0
kohikohi,0.003127557471653459,-0.0014280043829285982,0.0016995530887248607,0.0045555618545820575,0.0045555618545820575,8.0
konei,-0.0008368028788306094,0.0011462217939537675,0.00030941891512315813,-0.0019830246727843767,0.0019830246727843767,8.0
kore,0.001006673665211798,-0.0006894522734419601,0.00031722139176983794,0.0016961259386537582,0.0016961259386537582,6.0
kotiti,0.001006673665211798,-0.0006894522734419601,0.00031722139176983794,0.0016961259386537582,0.0016961259386537582,6.0
kuhu,0.001006673665211798,-0.0006894522734419601,0.00031722139176983794,0.0016961259386537582,0.0016961259386537582,6.0
kui,0.001006673665211798,-0.0006894522734419601,0.00031722139176983794,0.0016961259386537582,0.0016961259386537582,6.0
kuia,-0.0013401397114365086,0.0036713481347914554,0.002331208423354947,-0.005011487846227964,0.005011487846227964,6.0
kura,-0.0013401397114365086,0.0036713481347914554,0.002331208423354947,-0.005011487846227964,0.005011487846227964,6.0
kāwana,-0.0013401397114365086,0.0036713481347914554,0.002331208423354947,-0.005011487846227964,0.005011487846227964,6.0
kī,0.001652827093674747,-0.0014149885865703666,0.0002378385071043804,0.0030678156802451135,0.0030678156802451135,26.0
kōhuru,0.008609042752618293,-0.0023584699999886906,0.006250572752629602,0.010967512752606984,0.010967512752606984,12.0
kōkiri,-0.001915167528054451,0.003934989019390566,0.0020198214913361152,-0.005850156547445017,0.005850156547445017,10.0
kōrero,-0.008130052302964322,0.014173404644081535,0.006043352341117213,-0.022303456947045858,0.022303456947045858,50.0
mahi,0.009916542142628352,-0.005821420524009775,0.0040951216186185775,0.015737962666638128,0.015737962666638128,40.0
manaaki,-0.010968344076945805,0.057091329752787495,0.04612298567584169,-0.0680596738297333,0.0680596738297333,48.0
mau,-0.0033472115153224376,0.00458488717581507,0.0012376756604926325,-0.007932098691137507,0.007932098691137507,32.0
maumahara,-0.0013401397114365086,0.0036713481347914554,0.002331208423354947,-0.005011487846227964,0.005011487846227964,6.0
mea,0.00036234265558984747,-0.0003308824250195086,3.146023057033889e-05,0.000693225080609356,0.000693225080609356,10.0
mema,-0.0013401397114365086,0.0036713481347914554,0.002331208423354947,-0.005011487846227964,0.005011487846227964,6.0
mihi,0.001006673665211798,-0.0006894522734419601,0.00031722139176983794,0.0016961259386537582,0.0016961259386537582,6.0
moe,-0.0008368028788306094,0.0011462217939537675,0.00030941891512315813,-0.0019830246727843767,0.0019830246727843767,8.0
morimori,-0.0013401397114365086,0.0036713481347914554,0.002331208423354947,-0.005011487846227964,0.005011487846227964,6.0
motu-ngangara,0.001006673665211798,-0.0006894522734419601,0.00031722139176983794,0.0016961259386537582,0.0016961259386537582,6.0
muku,-0.0013401397114365086,0.0036713481347914554,0.002331208423354947,-0.005011487846227964,0.005011487846227964,6.0
muru,0.008609042752618293,-0.0023584699999886906,0.006250572752629602,0.010967512752606984,0.010967512752606984,12.0
mātakitaki,0.001006673665211798,-0.0006894522734419601,0.00031722139176983794,0.0016961259386537582,0.0016961259386537582,6.0
mōhio,-0.0008368028788306094,0.0011462217939537675,0.00030941891512315813,-0.0019830246727843767,0.0019830246727843767,8.0
ngau,0.001006673665211798,-0.0006894522734419601,0.00031722139176983794,0.0016961259386537582,0.0016961259386537582,6.0
noho,0.00570030041850841,-0.001952015443860804,0.0037482849746476063,0.007652315862369214,0.007652315862369214,10.0
ohorere,0.001006673665211798,-0.0006894522734419601,0.00031722139176983794,0.0016961259386537582,0.0016961259386537582,6.0
ora,0.001006673665211798,-0.0006894522734419601,0.00031722139176983794,0.0016961259386537582,0.0016961259386537582,6.0
oranga,-0.0013401397114365086,0.0036713481347914554,0.002331208423354947,-0.005011487846227964,0.005011487846227964,6.0
oti,0.001006673665211798,-0.0006894522734419601,0.00031722139176983794,0.0016961259386537582,0.0016961259386537582,6.0
pai,0.001006673665211798,-0.0006894522734419601,0.00031722139176983794,0.0016961259386537582,0.0016961259386537582,6.0
paopao,-0.0013401397114365086,0.0036713481347914554,0.002331208423354947,-0.005011487846227964,0.005011487846227964,6.0
para,0.00570030041850841,-0.001952015443860804,0.0037482849746476063,0.007652315862369214,0.007652315862369214,10.0
parau,0.001006673665211798,-0.0006894522734419601,0.00031722139176983794,0.0016961259386537582,0.0016961259386537582,6.0
patu,0.00036234265558984747,-0.0003308824250195086,3.146023057033889e-05,0.000693225080609356,0.000693225080609356,10.0
pei,0.001006673665211798,-0.0006894522734419601,0.00031722139176983794,0.0016961259386537582,0.0016961259386537582,6.0
piki,0.001006673665211798,-0.0006894522734419601,0.00031722139176983794,0.0016961259386537582,0.0016961259386537582,6.0
pupuri,0.00036234265558984747,-0.0003308824250195086,3.146023057033889e-05,0.000693225080609356,0.000693225080609356,10.0
puta,0.001006673665211798,-0.0006894522734419601,0.00031722139176983794,0.0016961259386537582,0.0016961259386537582,6.0
pātukituki,-0.0013401397114365086,0.0036713481347914554,0.002331208423354947,-0.005011487846227964,0.005011487846227964,6.0
pīkau,-0.0018793220360484293,0.007722678530647098,0.0058433564945986685,-0.009602000566695527,0.009602000566695527,8.0
pīra,0.001006673665211798,-0.0006894522734419601,0.00031722139176983794,0.0016961259386537582,0.0016961259386537582,6.0
pōhiri,0.004000351392512274,-0.0021918136591396937,0.00180853773337258,0.006192165051651967,0.006192165051651967,14.0
pōwhiri,0.004000351392512274,-0.0021918136591396937,0.00180853773337258,0.006192165051651967,0.006192165051651967,14.0
pūremu,0.001006673665211798,-0.0006894522734419601,0.00031722139176983794,0.0016961259386537582,0.0016961259386537582,6.0
rangahau,0.001006673665211798,-0.0006894522734419601,0.00031722139176983794,0.0016961259386537582,0.0016961259386537582,6.0
rapu,0.008609042752618293,-0.0023584699999886906,0.006250572752629602,0.010967512752606984,0.010967512752606984,12.0
raweke,0.003127557471653459,-0.0014280043829285982,0.0016995530887248607,0.0045555618545820575,0.0045555618545820575,8.0
reo,-0.0008368028788306094,0.0011462217939537675,0.00030941891512315813,-0.0019830246727843767,0.0019830246727843767,8.0
rere,0.001006673665211798,-0.0006894522734419601,0.00031722139176983794,0.0016961259386537582,0.0016961259386537582,6.0
rewherī,0.001006673665211798,-0.0006894522734419601,0.00031722139176983794,0.0016961259386537582,0.0016961259386537582,6.0
riro,0.001006673665211798,-0.0006894522734419601,0.00031722139176983794,0.0016961259386537582,0.0016961259386537582,6.0
rua,0.001006673665211798,-0.0006894522734419601,0.00031722139176983794,0.0016961259386537582,0.0016961259386537582,6.0
rui,0.001006673665211798,-0.0006894522734419601,0.00031722139176983794,0.0016961259386537582,0.0016961259386537582,6.0
ruke,0.001006673665211798,-0.0006894522734419601,0.00031722139176983794,0.0016961259386537582,0.0016961259386537582,6.0
rāhui,0.001006673665211798,-0.0006894522734419601,0.00031722139176983794,0.0016961259386537582,0.0016961259386537582,6.0
rō,-0.0013401397114365086,0.0036713481347914554,0.002331208423354947,-0.005011487846227964,0.005011487846227964,6.0
rūrū,0.001006673665211798,-0.0006894522734419601,0.00031722139176983794,0.0016961259386537582,0.0016961259386537582,6.0
stratford,-0.0013401397114365086,0.0036713481347914554,0.002331208423354947,-0.005011487846227964,0.005011487846227964,6.0
tae,0.004958271071314176,-0.0029107102620048874,0.0020475608093092888,0.007868981333319064,0.007868981333319064,20.0
taka-hue,-0.0013401397114365086,0.0036713481347914554,0.002331208423354947,-0.005011487846227964,0.005011487846227964,6.0
takahi,0.014235313336467664,-0.004333112984830473,0.009902200351637191,0.018568426321298136,0.018568426321298136,22.0
takai,-0.0013401397114365086,0.0036713481347914554,0.002331208423354947,-0.005011487846227964,0.005011487846227964,6.0
takatakahi,0.001006673665211798,-0.0006894522734419601,0.00031722139176983794,0.0016961259386537582,0.0016961259386537582,6.0
taki,0.003127557471653459,-0.0014280043829285982,0.0016995530887248607,0.0045555618545820575,0.0045555618545820575,8.0
takoha,0.001006673665211798,-0.0006894522734419601,0.00031722139176983794,0.0016961259386537582,0.0016961259386537582,6.0
takutaku,0.001006673665211798,-0.0006894522734419601,0.00031722139176983794,0.0016961259386537582,0.0016961259386537582,6.0
tangi,0.001006673665211798,-0.0006894522734419601,0.00031722139176983794,0.0016961259386537582,0.0016961259386537582,6.0
tango,0.00570030041850841,-0.001952015443860804,0.0037482849746476063,0.007652315862369214,0.007652315862369214,10.0
tao,0.001006673665211798,-0.0006894522734419601,0.00031722139176983794,0.0016961259386537582,0.0016961259386537582,6.0
taonga,-0.0013401397114365086,0.0036713481347914554,0.002331208423354947,-0.005011487846227964,0.005011487846227964,6.0
tapa,0.003127557471653459,-0.0014280043829285982,0.0016995530887248607,0.0045555618545820575,0.0045555618545820575,8.0
tari,0.001006673665211798,-0.0006894522734419601,0.00031722139176983794,0.0016961259386537582,0.0016961259386537582,6.0
tau,0.001006673665211798,-0.0006894522734419601,0.00031722139176983794,0.0016961259386537582,0.0016961259386537582,6.0
tauira,-0.0013401397114365086,0.0036713481347914554,0.002331208423354947,-0.005011487846227964,0.005011487846227964,6.0
tautohe,0.001006673665211798,-0.0006894522734419601,0.00031722139176983794,0.0016961259386537582,0.0016961259386537582,6.0
tautohetohe,0.001006673665211798,-0.0006894522734419601,0.00031722139176983794,0.0016961259386537582,0.0016961259386537582,6.0
tautoko,-0.0057455025841633535,0.0118049670581717,0.006059464474008346,-0.017550469642335052,0.017550469642335052,30.0
tere,0.001006673665211798,-0.0006894522734419601,0.00031722139176983794,0.0016961259386537582,0.0016961259386537582,6.0
tiaki,-0.0006083399675937463,0.0006666253633959884,5.828539580224215e-05,-0.0012749653309897346,0.0012749653309897346,18.0
tiki,-0.001915167528054451,0.003934989019390566,0.0020198214913361152,-0.005850156547445017,0.005850156547445017,10.0
tinihanga,0.003127557471653459,-0.0014280043829285982,0.0016995530887248607,0.0045555618545820575,0.0045555618545820575,8.0
tino,-0.0013401397114365086,0.0036713481347914554,0.002331208423354947,-0.005011487846227964,0.005011487846227964,6.0
tirotiro,0.001006673665211798,-0.0006894522734419601,0.00031722139176983794,0.0016961259386537582,0.0016961259386537582,6.0
titiro,-0.00330425159065335,0.005431250702013812,0.002126999111360462,-0.008735502292667162,0.008735502292667162,22.0
toa,-0.0013401397114365086,0.0036713481347914554,0.002331208423354947,-0.005011487846227964,0.005011487846227964,6.0
tohatoha,-0.0008368028788306094,0.0011462217939537675,0.00030941891512315813,-0.0019830246727843767,0.0019830246727843767,8.0
tohi,0.00036234265558984747,-0.0003308824250195086,3.146023057033889e-05,0.000693225080609356,0.000693225080609356,10.0
tohu,-0.0012552043182459146,0.0017193326909306517,0.0004641283726847371,-0.0029745370091765664,0.0029745370091765664,12.0
tohutohu,-0.0026802794228730172,0.007342696269582911,0.004662416846709894,-0.010022975692455928,0.010022975692455928,12.0
tono,-0.003830335056108902,0.007869978038781133,0.0040396429826722305,-0.011700313094890034,0.011700313094890034,20.0
tope,0.001006673665211798,-0.0006894522734419601,0.00031722139176983794,0.0016961259386537582,0.0016961259386537582,6.0
tuhi,0.00570030041850841,-0.001952015443860804,0.0037482849746476063,0.007652315862369214,0.007652315862369214,10.0
tuitui,-0.0008368028788306094,0.0011462217939537675,0.00030941891512315813,-0.0019830246727843767,0.0019830246727843767,8.0
tuku,0.021892902301574212,-0.009996030680500189,0.011896871621074024,0.0318889329820744,0.0318889329820744,56.0
tunu,0.001006673665211798,-0.0006894522734419601,0.00031722139176983794,0.0016961259386537582,0.0016961259386537582,6.0
turaki,-0.00014338196802408666,0.00014729950813403435,3.917540109947689e-06,-0.000290681476158121,0.000290681476158121,14.0
tuwhera,0.00036234265558984747,-0.0003308824250195086,3.146023057033889e-05,0.000693225080609356,0.000693225080609356,10.0
tā,-0.0013401397114365086,0.0036713481347914554,0.002331208423354947,-0.005011487846227964,0.005011487846227964,6.0
tāhae,0.003127557471653459,-0.0014280043829285982,0.0016995530887248607,0.0045555618545820575,0.0045555618545820575,8.0
tātaki,-0.0013401397114365086,0.0036713481347914554,0.002331208423354947,-0.005011487846227964,0.005011487846227964,6.0
tātari,0.001006673665211798,-0.0006894522734419601,0.00031722139176983794,0.0016961259386537582,0.0016961259386537582,6.0
tāua,-0.0013401397114365086,0.0036713481347914554,0.002331208423354947,-0.005011487846227964,0.005011487846227964,6.0
tētahi,-0.001915167528054451,0.003934989019390566,0.0020198214913361152,-0.005850156547445017,0.005850156547445017,10.0
tīmata,0.014936466064783754,-0.006295206658661835,0.00864125940612192,0.021231672723445588,0.021231672723445588,34.0
tō,-0.0013401397114365086,0.0036713481347914554,0.002331208423354947,-0.005011487846227964,0.005011487846227964,6.0
tūkino,0.003127557471653459,-0.0014280043829285982,0.0016995530887248607,0.0045555618545820575,0.0045555618545820575,8.0
tūtaki,-0.0013401397114365086,0.0036713481347914554,0.002331208423354947,-0.005011487846227964,0.005011487846227964,6.0
ui,-0.0013401397114365086,0.0036713481347914554,0.002331208423354947,-0.005011487846227964,0.005011487846227964,6.0
utu,-0.00014338196802408666,0.00014729950813403435,3.917540109947689e-06,-0.000290681476158121,0.000290681476158121,14.0
waea,-0.0013401397114365086,0.0036713481347914554,0.002331208423354947,-0.005011487846227964,0.005011487846227964,6.0
waiata,0.00570030041850841,-0.001952015443860804,0.0037482849746476063,0.007652315862369214,0.007652315862369214,10.0
waihanga,0.00570030041850841,-0.001952015443860804,0.0037482849746476063,0.007652315862369214,0.007652315862369214,10.0
waiho,-0.0013401397114365086,0.0036713481347914554,0.002331208423354947,-0.005011487846227964,0.005011487846227964,6.0
wero,0.001006673665211798,-0.0006894522734419601,0.00031722139176983794,0.0016961259386537582,0.0016961259386537582,6.0
whai,0.00020324531817330472,-0.00019885568470768305,4.389633465621661e-06,0.00040210100288098774,0.00040210100288098774,24.0
whaiwhai,0.003127557471653459,-0.0014280043829285982,0.0016995530887248607,0.0045555618545820575,0.0045555618545820575,8.0
whakaae,0.00570030041850841,-0.001952015443860804,0.0037482849746476063,0.007652315862369214,0.007652315862369214,10.0
whakaako,-0.0026802794228730172,0.007342696269582911,0.004662416846709894,-0.010022975692455928,0.010022975692455928,12.0
whakaara,0.001006673665211798,-0.0006894522734419601,0.00031722139176983794,0.0016961259386537582,0.0016961259386537582,6.0
whakaari,0.001006673665211798,-0.0006894522734419601,0.00031722139176983794,0.0016961259386537582,0.0016961259386537582,6.0
whakaaro,-0.0013401397114365086,0.0036713481347914554,0.002331208423354947,-0.005011487846227964,0.005011487846227964,6.0
whakaata,0.001006673665211798,-0.0006894522734419601,0.00031722139176983794,0.0016961259386537582,0.0016961259386537582,6.0
whakaatu,-0.002402872160473764,0.004388487831636359,0.0019856156711625947,-0.006791359992110123,0.006791359992110123,14.0
whakahaere,-0.001515720977219757,0.0016148057526988063,9.908477547904918e-05,-0.0031305267299185633,0.0031305267299185633,64.0
whakahau,0.001006673665211798,-0.0006894522734419601,0.00031722139176983794,0.0016961259386537582,0.0016961259386537582,6.0
whakahoki,0.003127557471653459,-0.0014280043829285982,0.0016995530887248607,0.0045555618545820575,0.0045555618545820575,8.0
whakahuihui,0.001006673665211798,-0.0006894522734419601,0.00031722139176983794,0.0016961259386537582,0.0016961259386537582,6.0
whakahē,-0.0018793220360484293,0.007722678530647098,0.0058433564945986685,-0.009602000566695527,0.009602000566695527,8.0
whakaingoa,-0.0013401397114365086,0.0036713481347914554,0.002331208423354947,-0.005011487846227964,0.005011487846227964,6.0
whakairi,0.00036234265558984747,-0.0003308824250195086,3.146023057033889e-05,0.000693225080609356,0.000693225080609356,10.0
whakairo,-0.001915167528054451,0.003934989019390566,0.0020198214913361152,-0.005850156547445017,0.005850156547445017,10.0
whakaiti,0.001006673665211798,-0.0006894522734419601,0.00031722139176983794,0.0016961259386537582,0.0016961259386537582,6.0
whakakamakama,0.001006673665211798,-0.0006894522734419601,0.00031722139176983794,0.0016961259386537582,0.0016961259386537582,6.0
whakakapi,0.001006673665211798,-0.0006894522734419601,0.00031722139176983794,0.0016961259386537582,0.0016961259386537582,6.0
whakakawe,-0.0013401397114365086,0.0036713481347914554,0.002331208423354947,-0.005011487846227964,0.005011487846227964,6.0
whakakopi,0.003127557471653459,-0.0014280043829285982,0.0016995530887248607,0.0045555618545820575,0.0045555618545820575,8.0
whakakore,0.00570030041850841,-0.001952015443860804,0.0037482849746476063,0.007652315862369214,0.007652315862369214,10.0
whakakotahi,0.001006673665211798,-0.0006894522734419601,0.00031722139176983794,0.0016961259386537582,0.0016961259386537582,6.0
whakamahi,0.001006673665211798,-0.0006894522734419601,0.00031722139176983794,0.0016961259386537582,0.0016961259386537582,6.0
whakamana,0.00036234265558984747,-0.0003308824250195086,3.146023057033889e-05,0.000693225080609356,0.000693225080609356,10.0
whakamutu,0.011785544575434142,-0.002690567553347442,0.0090949770220867,0.014476112128781584,0.014476112128781584,14.0
whakamāmā,0.001006673665211798,-0.0006894522734419601,0.00031722139176983794,0.0016961259386537582,0.0016961259386537582,6.0
whakamāori,-0.0013401397114365086,0.0036713481347914554,0.002331208423354947,-0.005011487846227964,0.005011487846227964,6.0
whakamārama,-0.003830335056108902,0.007869978038781133,0.0040396429826722305,-0.011700313094890034,0.011700313094890034,20.0
whakamātautau,0.001006673665211798,-0.0006894522734419601,0.00031722139176983794,0.0016961259386537582,0.0016961259386537582,6.0
whakaoho,0.001006673665211798,-0.0006894522734419601,0.00031722139176983794,0.0016961259386537582,0.0016961259386537582,6.0
whakaora,-0.0012552043182459146,0.0017193326909306517,0.0004641283726847371,-0.0029745370091765664,0.0029745370091765664,12.0
whakaoti,0.00036234265558984747,-0.0003308824250195086,3.146023057033889e-05,0.000693225080609356,0.000693225080609356,10.0
whakapahū,-0.0008368028788306094,0.0011462217939537675,0.00030941891512315813,-0.0019830246727843767,0.0019830246727843767,8.0
whakapai,0.004000351392512274,-0.0021918136591396937,0.00180853773337258,0.006192165051651967,0.006192165051651967,14.0
whakapau,-0.0008368028788306094,0.0011462217939537675,0.00030941891512315813,-0.0019830246727843767,0.0019830246727843767,8.0
whakapiri,-0.0013401397114365086,0.0036713481347914554,0.002331208423354947,-0.005011487846227964,0.005011487846227964,6.0
whakapuaki,0.001006673665211798,-0.0006894522734419601,0.00031722139176983794,0.0016961259386537582,0.0016961259386537582,6.0
whakaputa,0.018774507013186455,-0.0032145786142796476,0.015559928398906808,0.021989085627466102,0.021989085627466102,18.0
whakarahi,0.001006673665211798,-0.0006894522734419601,0.00031722139176983794,0.0016961259386537582,0.0016961259386537582,6.0
whakarangatira,-0.0008368028788306094,0.0011462217939537675,0.00030941891512315813,-0.0019830246727843767,0.0019830246727843767,8.0
whakararata,-0.0013401397114365086,0.0036713481347914554,0.002331208423354947,-0.005011487846227964,0.005011487846227964,6.0
whakareka,-0.0013401397114365086,0.0036713481347914554,0.002331208423354947,-0.005011487846227964,0.005011487846227964,6.0
whakarite,0.0022803794394491944,-0.0017849027722776935,0.0004954766671715009,0.004065282211726888,0.004065282211726888,22.0
whakarāhui,0.001006673665211798,-0.0006894522734419601,0.00031722139176983794,0.0016961259386537582,0.0016961259386537582,6.0
whakarāpopoto,-0.0008368028788306094,0.0011462217939537675,0.00030941891512315813,-0.0019830246727843767,0.0019830246727843767,8.0
whakarārangi,-0.0008368028788306094,0.0011462217939537675,0.00030941891512315813,-0.0019830246727843767,0.0019830246727843767,8.0
whakatakoto,0.03391486312703369,-0.006194044218950658,0.027720818908083034,0.04010890734598435,0.04010890734598435,34.0
whakatangi,-0.0008368028788306094,0.0011462217939537675,0.00030941891512315813,-0.0019830246727843767,0.0019830246727843767,8.0
whakatapu,0.003127557471653459,-0.0014280043829285982,0.0016995530887248607,0.0045555618545820575,0.0045555618545820575,8.0
whakatatū,-0.0013401397114365086,0.0036713481347914554,0.002331208423354947,-0.005011487846227964,0.005011487846227964,6.0
whakatau,0.014235313336467664,-0.004333112984830473,0.009902200351637191,0.018568426321298136,0.018568426321298136,22.0
whakatere,0.00570030041850841,-0.001952015443860804,0.0037482849746476063,0.007652315862369214,0.007652315862369214,10.0
whakatika,-0.0012552043182459146,0.0017193326909306517,0.0004641283726847371,-0.0029745370091765664,0.0029745370091765664,12.0
whakatikatika,0.002013347330423596,-0.0013789045468839201,0.0006344427835396759,0.0033922518773075163,0.0033922518773075163,12.0
whakatinana,0.003127557471653459,-0.0014280043829285982,0.0016995530887248607,0.0045555618545820575,0.0045555618545820575,8.0
whakatipu,-0.0008368028788306094,0.0011462217939537675,0.00030941891512315813,-0.0019830246727843767,0.0019830246727843767,8.0
whakatutuki,0.001006673665211798,-0.0006894522734419601,0.00031722139176983794,0.0016961259386537582,0.0016961259386537582,6.0
whakatutū,0.001006673665211798,-0.0006894522734419601,0.00031722139176983794,0.0016961259386537582,0.0016961259386537582,6.0
whakatuwhera,0.0007246853111796949,-0.0006617648500390172,6.292046114067778e-05,0.001386450161218712,0.001386450161218712,20.0
whakatā,-0.0008368028788306094,0.0011462217939537675,0.00030941891512315813,-0.0019830246727843767,0.0019830246727843767,8.0
whakatō,0.00036234265558984747,-0.0003308824250195086,3.146023057033889e-05,0.000693225080609356,0.000693225080609356,10.0
whakatū,-0.0037403342734114438,0.005977267642755872,0.002236933369344428,-0.009717601916167315,0.009717601916167315,26.0
whakauru,-0.0026802794228730172,0.007342696269582911,0.004662416846709894,-0.010022975692455928,0.010022975692455928,12.0
whakautu,-0.0026802794228730172,0.007342696269582911,0.004662416846709894,-0.010022975692455928,0.010022975692455928,12.0
whakawaiwai,0.001006673665211798,-0.0006894522734419601,0.00031722139176983794,0.0016961259386537582,0.0016961259386537582,6.0
whakawhiti,0.001006673665211798,-0.0006894522734419601,0.00031722139176983794,0.0016961259386537582,0.0016961259386537582,6.0
whakawā,0.004000351392512274,-0.0021918136591396937,0.00180853773337258,0.006192165051651967,0.006192165051651967,14.0
whakawātea,0.018774507013186455,-0.0032145786142796476,0.015559928398906808,0.021989085627466102,0.021989085627466102,18.0
whakawāwā,-0.0013401397114365086,0.0036713481347914554,0.002331208423354947,-0.005011487846227964,0.005011487846227964,6.0
whao,-0.0013401397114365086,0.0036713481347914554,0.002331208423354947,-0.005011487846227964,0.005011487846227964,6.0
whati,0.001006673665211798,-0.0006894522734419601,0.00031722139176983794,0.0016961259386537582,0.0016961259386537582,6.0
whawhai,0.001006673665211798,-0.0006894522734419601,0.00031722139176983794,0.0016961259386537582,0.0016961259386537582,6.0
whiriwhiri,0.015184715247746046,-0.0029713520339071115,0.012213363213838934,0.018156067281653157,0.018156067281653157,16.0
whiu,-0.0018793220360484293,0.007722678530647098,0.0058433564945986685,-0.009602000566695527,0.009602000566695527,8.0
whiwhi,0.001006673665211798,-0.0006894522734419601,0.00031722139176983794,0.0016961259386537582,0.0016961259386537582,6.0
whoatu,0.001006673665211798,-0.0006894522734419601,0.00031722139176983794,0.0016961259386537582,0.0016961259386537582,6.0
whāki,-0.0008368028788306094,0.0011462217939537675,0.00030941891512315813,-0.0019830246727843767,0.0019830246727843767,8.0
whānako,0.001006673665211798,-0.0006894522734419601,0.00031722139176983794,0.0016961259386537582,0.0016961259386537582,6.0
whāngai,-0.007660670112217804,0.015739956077562265,0.008079285965344461,-0.023400626189780067,0.023400626189780067,40.0
wikitōria,-0.0008368028788306094,0.0011462217939537675,0.00030941891512315813,-0.0019830246727843767,0.0019830246727843767,8.0
wānanga,-0.0008368028788306094,0.0011462217939537675,0.00030941891512315813,-0.0019830246727843767,0.0019830246727843767,8.0
wētahi,-0.0013401397114365086,0.0036713481347914554,0.002331208423354947,-0.005011487846227964,0.005011487846227964,6.0
{unclear,-0.0013401397114365086,0.0036713481347914554,0.002331208423354947,-0.005011487846227964,0.005011487846227964,6.0
āhei,0.001006673665211798,-0.0006894522734419601,0.00031722139176983794,0.0016961259386537582,0.0016961259386537582,6.0
ārahi,-0.00330425159065335,0.005431250702013812,0.002126999111360462,-0.008735502292667162,0.008735502292667162,22.0
āta,-0.0006083399675937463,0.0006666253633959884,5.828539580224215e-05,-0.0012749653309897346,0.0012749653309897346,18.0
āwhina,-0.0057455025841633535,0.0118049670581717,0.006059464474008346,-0.017550469642335052,0.017550469642335052,30.0
ētahi,-0.0013401397114365086,0.0036713481347914554,0.002331208423354947,-0.005011487846227964,0.005011487846227964,6.0
ōrite,0.001006673665211798,-0.0006894522734419601,0.00031722139176983794,0.0016961259386537582,0.0016961259386537582,6.0
ū,0.003127557471653459,-0.0014280043829285982,0.0016995530887248607,0.0045555618545820575,0.0045555618545820575,8.0
