Head,mā,nā,Key,Diff,DiffAbs,Count
aha,-0.0010160766407511853,0.001457402858451195,0.0004413262177000096,-0.00247347949920238,0.00247347949920238,14.0
ahakoa,-0.0007194106249528969,0.0015478228597471417,0.0008284122347942448,-0.0022672334847000384,0.0022672334847000384,6.0
ahau,-0.0007194106249528969,0.0015478228597471417,0.0008284122347942448,-0.0022672334847000384,0.0022672334847000384,6.0
all,-0.0007194106249528969,0.0015478228597471417,0.0008284122347942448,-0.0022672334847000384,0.0022672334847000384,6.0
anahera,-0.0007194106249528969,0.0015478228597471417,0.0008284122347942448,-0.0022672334847000384,0.0022672334847000384,6.0
anō,0.0028889778976147044,-0.0010359466198517373,0.0018530312777629671,0.003924924517466442,0.003924924517466442,8.0
apa-nui,-0.0007194106249528969,0.0015478228597471417,0.0008284122347942448,-0.0022672334847000384,0.0022672334847000384,6.0
apirana,-0.001579777509341775,0.008497288118429244,0.00691751060908747,-0.010077065627771019,0.010077065627771019,12.0
ara,0.0011645484423381323,-0.000626385904590965,0.0005381625377471673,0.0017909343469290973,0.0017909343469290973,6.0
arawa,-0.0011001290363220654,0.003550416435403029,0.0024502873990809634,-0.004650545471725095,0.004650545471725095,8.0
aroha,-0.0007194106249528969,0.0015478228597471417,0.0008284122347942448,-0.0022672334847000384,0.0022672334847000384,6.0
atu,0.0011645484423381323,-0.000626385904590965,0.0005381625377471673,0.0017909343469290973,0.0017909343469290973,6.0
atua,0.0023111818618627364,-0.0019125164591171828,0.0003986654027455536,0.004223698320979919,0.004223698320979919,46.0
aurere,0.00493246657692019,-0.0013265345718232332,0.003605932005096957,0.006259001148743424,0.006259001148743424,10.0
bill,-0.0007194106249528969,0.0015478228597471417,0.0008284122347942448,-0.0022672334847000384,0.0022672334847000384,6.0
briony,-0.0007194106249528969,0.0015478228597471417,0.0008284122347942448,-0.0022672334847000384,0.0022672334847000384,6.0
esther,-0.0007194106249528969,0.0015478228597471417,0.0008284122347942448,-0.0022672334847000384,0.0022672334847000384,6.0
gary,0.0011645484423381323,-0.000626385904590965,0.0005381625377471673,0.0017909343469290973,0.0017909343469290973,6.0
gee,-0.0007194106249528969,0.0015478228597471417,0.0008284122347942448,-0.0022672334847000384,0.0022672334847000384,6.0
gerry,-0.0007194106249528969,0.0015478228597471417,0.0008284122347942448,-0.0022672334847000384,0.0022672334847000384,6.0
hainamana,0.0011645484423381323,-0.000626385904590965,0.0005381625377471673,0.0017909343469290973,0.0017909343469290973,6.0
hau,0.0011645484423381323,-0.000626385904590965,0.0005381625377471673,0.0017909343469290973,0.0017909343469290973,6.0
heamana,-0.0007194106249528969,0.0015478228597471417,0.0008284122347942448,-0.0022672334847000384,0.0022672334847000384,6.0
hepi,0.0011645484423381323,-0.000626385904590965,0.0005381625377471673,0.0017909343469290973,0.0017909343469290973,6.0
hepora,0.0028889778976147044,-0.0010359466198517373,0.0018530312777629671,0.003924924517466442,0.003924924517466442,8.0
hiku-rangi,0.0011645484423381323,-0.000626385904590965,0.0005381625377471673,0.0017909343469290973,0.0017909343469290973,6.0
hoa,0.0011645484423381323,-0.000626385904590965,0.0005381625377471673,0.0017909343469290973,0.0017909343469290973,6.0
hoani,-0.0007194106249528969,0.0015478228597471417,0.0008284122347942448,-0.0022672334847000384,0.0022672334847000384,6.0
hoko,-0.0007194106249528969,0.0015478228597471417,0.0008284122347942448,-0.0022672334847000384,0.0022672334847000384,6.0
horo,-0.0007194106249528969,0.0015478228597471417,0.0008284122347942448,-0.0022672334847000384,0.0022672334847000384,6.0
hotu,-0.0007194106249528969,0.0015478228597471417,0.0008284122347942448,-0.0022672334847000384,0.0022672334847000384,6.0
huarahi,0.0011645484423381323,-0.000626385904590965,0.0005381625377471673,0.0017909343469290973,0.0017909343469290973,6.0
hui,-0.0011001290363220654,0.003550416435403029,0.0024502873990809634,-0.004650545471725095,0.004650545471725095,8.0
hunga,-0.0008985732265221676,0.001449970433706225,0.0005513972071840575,-0.0023485436602283926,0.0023485436602283926,10.0
hāhi,-0.0013702530480138783,0.005896240388423355,0.004525987340409476,-0.007266493436437233,0.007266493436437233,10.0
hākari,0.0011645484423381323,-0.000626385904590965,0.0005381625377471673,0.0017909343469290973,0.0017909343469290973,6.0
hīkoi,0.0011645484423381323,-0.000626385904590965,0.0005381625377471673,0.0017909343469290973,0.0017909343469290973,6.0
hōiho,-0.0011001290363220654,0.003550416435403029,0.0024502873990809634,-0.004650545471725095,0.004650545471725095,8.0
hōne,-0.0007194106249528969,0.0015478228597471417,0.0008284122347942448,-0.0022672334847000384,0.0022672334847000384,6.0
hōnore,-0.0011001290363220654,0.003550416435403029,0.0024502873990809634,-0.004650545471725095,0.004650545471725095,8.0
ia,-0.0001371364037838308,0.00014752552528260585,1.0389121498775042e-05,-0.00028466192906643665,0.00028466192906643665,8.0
ihu,0.0011645484423381323,-0.000626385904590965,0.0005381625377471673,0.0017909343469290973,0.0017909343469290973,6.0
inanahi,0.0011645484423381323,-0.000626385904590965,0.0005381625377471673,0.0017909343469290973,0.0017909343469290973,6.0
ingoa,0.0011645484423381323,-0.000626385904590965,0.0005381625377471673,0.0017909343469290973,0.0017909343469290973,6.0
iwa,0.00493246657692019,-0.0013265345718232332,0.003605932005096957,0.006259001148743424,0.006259001148743424,10.0
iwi,0.02154426672331099,-0.008914003131439863,0.012630263591871128,0.030458269854750853,0.030458269854750853,72.0
joe,-0.0007194106249528969,0.0015478228597471417,0.0008284122347942448,-0.0022672334847000384,0.0022672334847000384,6.0
john,-0.0013702530480138783,0.005896240388423355,0.004525987340409476,-0.007266493436437233,0.007266493436437233,10.0
kaha,-0.001579777509341775,0.008497288118429244,0.00691751060908747,-0.010077065627771019,0.010077065627771019,12.0
kaiako,-0.0011001290363220654,0.003550416435403029,0.0024502873990809634,-0.004650545471725095,0.004650545471725095,8.0
kaihanga,0.009683010333595298,-0.0017360952870840052,0.007946915046511292,0.011419105620679304,0.011419105620679304,14.0
kaipuke,-0.0007194106249528969,0.0015478228597471417,0.0008284122347942448,-0.0022672334847000384,0.0022672334847000384,6.0
kaitango,-0.0007194106249528969,0.0015478228597471417,0.0008284122347942448,-0.0022672334847000384,0.0022672334847000384,6.0
kaituhi,-0.0007194106249528969,0.0015478228597471417,0.0008284122347942448,-0.0022672334847000384,0.0022672334847000384,6.0
kaitā,-0.0007194106249528969,0.0015478228597471417,0.0008284122347942448,-0.0022672334847000384,0.0022672334847000384,6.0
kaiwaiata,0.0011645484423381323,-0.000626385904590965,0.0005381625377471673,0.0017909343469290973,0.0017909343469290973,6.0
kaiārahi,-0.0007194106249528969,0.0015478228597471417,0.0008284122347942448,-0.0022672334847000384,0.0022672334847000384,6.0
karakia,0.0011645484423381323,-0.000626385904590965,0.0005381625377471673,0.0017909343469290973,0.0017909343469290973,6.0
karani,-0.0007194106249528969,0.0015478228597471417,0.0008284122347942448,-0.0022672334847000384,0.0022672334847000384,6.0
karauna,-0.0010160766407511853,0.001457402858451195,0.0004413262177000096,-0.00247347949920238,0.00247347949920238,14.0
kaumātua,-0.0014388212499057938,0.0030956457194942833,0.0016568244695884895,-0.004534466969400077,0.004534466969400077,12.0
kaunihera,0.00493246657692019,-0.0013265345718232332,0.003605932005096957,0.006259001148743424,0.006259001148743424,10.0
kaupapa,-0.0001371364037838308,0.00014752552528260585,1.0389121498775042e-05,-0.00028466192906643665,0.00028466192906643665,8.0
kaute,0.0011645484423381323,-0.000626385904590965,0.0005381625377471673,0.0017909343469290973,0.0017909343469290973,6.0
kino,-0.0007194106249528969,0.0015478228597471417,0.0008284122347942448,-0.0022672334847000384,0.0022672334847000384,6.0
kiore,0.0011645484423381323,-0.000626385904590965,0.0005381625377471673,0.0017909343469290973,0.0017909343469290973,6.0
kiri,0.0011645484423381323,-0.000626385904590965,0.0005381625377471673,0.0017909343469290973,0.0017909343469290973,6.0
komiti,-0.0001371364037838308,0.00014752552528260585,1.0389121498775042e-05,-0.00028466192906643665,0.00028466192906643665,8.0
konei,0.0011645484423381323,-0.000626385904590965,0.0005381625377471673,0.0017909343469290973,0.0017909343469290973,6.0
konā,-0.0011001290363220654,0.003550416435403029,0.0024502873990809634,-0.004650545471725095,0.004650545471725095,8.0
kooti,-0.0007194106249528969,0.0015478228597471417,0.0008284122347942448,-0.0022672334847000384,0.0022672334847000384,6.0
koporeihana,0.0011645484423381323,-0.000626385904590965,0.0005381625377471673,0.0017909343469290973,0.0017909343469290973,6.0
kore,-0.001579777509341775,0.008497288118429244,0.00691751060908747,-0.010077065627771019,0.010077065627771019,12.0
koro,0.0011645484423381323,-0.000626385904590965,0.0005381625377471673,0.0017909343469290973,0.0017909343469290973,6.0
koroua,-0.001857870172561587,0.004996544782267905,0.0031386746097063186,-0.006854414954829492,0.006854414954829492,14.0
kotahi,-0.0007194106249528969,0.0015478228597471417,0.0008284122347942448,-0.0022672334847000384,0.0022672334847000384,6.0
koutou,-0.007571866117561306,0.011575173323257594,0.0040033072056962875,-0.0191470394408189,0.0191470394408189,92.0
ku,0.08858725905854826,-0.030322222969764803,0.05826503608878346,0.11890948202831307,0.11890948202831307,232.0
kuia,-0.0008985732265221676,0.001449970433706225,0.0005513972071840575,-0.0023485436602283926,0.0023485436602283926,10.0
kuini,0.0028889778976147044,-0.0010359466198517373,0.0018530312777629671,0.003924924517466442,0.003924924517466442,8.0
kupu,0.0028889778976147044,-0.0010359466198517373,0.0018530312777629671,0.003924924517466442,0.003924924517466442,8.0
kura,-0.0014388212499057938,0.0030956457194942833,0.0016568244695884895,-0.004534466969400077,0.004534466969400077,12.0
kuratini,0.0011645484423381323,-0.000626385904590965,0.0005381625377471673,0.0017909343469290973,0.0017909343469290973,6.0
kurī,-0.0007194106249528969,0.0015478228597471417,0.0008284122347942448,-0.0022672334847000384,0.0022672334847000384,6.0
kākano,0.0011645484423381323,-0.000626385904590965,0.0005381625377471673,0.0017909343469290973,0.0017909343469290973,6.0
kāwana,-0.002397621519331873,0.003095111415864782,0.000697489896532909,-0.005492732935196655,0.005492732935196655,44.0
kāwanatanga,-0.0006171138170272388,0.0006638648637717266,4.675104674448777e-05,-0.0012809786807989653,0.0012809786807989653,36.0
kē,-0.0008985732265221676,0.001449970433706225,0.0005513972071840575,-0.0023485436602283926,0.0023485436602283926,10.0
kōhanga,0.0028889778976147044,-0.0010359466198517373,0.0018530312777629671,0.003924924517466442,0.003924924517466442,8.0
kōmihana,0.0011645484423381323,-0.000626385904590965,0.0005381625377471673,0.0017909343469290973,0.0017909343469290973,6.0
kōrero,-0.0011001290363220654,0.003550416435403029,0.0024502873990809634,-0.004650545471725095,0.004650545471725095,8.0
kōrua,0.00493246657692019,-0.0013265345718232332,0.003605932005096957,0.006259001148743424,0.006259001148743424,10.0
kōti,0.0005332195433676794,-0.0004916699685598082,4.1549574807871214e-05,0.0010248895119274876,0.0010248895119274876,26.0
kūare,-0.0007194106249528969,0.0015478228597471417,0.0008284122347942448,-0.0022672334847000384,0.0022672334847000384,6.0
maaka,-0.0007194106249528969,0.0015478228597471417,0.0008284122347942448,-0.0022672334847000384,0.0022672334847000384,6.0
maha,-0.0007194106249528969,0.0015478228597471417,0.0008284122347942448,-0.0022672334847000384,0.0022672334847000384,6.0
mahi,0.0028889778976147044,-0.0010359466198517373,0.0018530312777629671,0.003924924517466442,0.003924924517466442,8.0
mana,0.0028889778976147044,-0.0010359466198517373,0.0018530312777629671,0.003924924517466442,0.003924924517466442,8.0
manatū,0.0011645484423381323,-0.000626385904590965,0.0005381625377471673,0.0017909343469290973,0.0017909343469290973,6.0
marae,0.0028889778976147044,-0.0010359466198517373,0.0018530312777629671,0.003924924517466442,0.003924924517466442,8.0
maree,0.0011645484423381323,-0.000626385904590965,0.0005381625377471673,0.0017909343469290973,0.0017909343469290973,6.0
mary,-0.0007194106249528969,0.0015478228597471417,0.0008284122347942448,-0.0022672334847000384,0.0022672334847000384,6.0
matawaka,0.0011645484423381323,-0.000626385904590965,0.0005381625377471673,0.0017909343469290973,0.0017909343469290973,6.0
mate,-0.0013702530480138783,0.005896240388423355,0.004525987340409476,-0.007266493436437233,0.007266493436437233,10.0
matua,-0.0014388212499057938,0.0030956457194942833,0.0016568244695884895,-0.004534466969400077,0.004534466969400077,12.0
matua-te-mana,-0.0007194106249528969,0.0015478228597471417,0.0008284122347942448,-0.0022672334847000384,0.0022672334847000384,6.0
maunga,0.0011645484423381323,-0.000626385904590965,0.0005381625377471673,0.0017909343469290973,0.0017909343469290973,6.0
mema,0.0011645484423381323,-0.000626385904590965,0.0005381625377471673,0.0017909343469290973,0.0017909343469290973,6.0
mere,-0.0007194106249528969,0.0015478228597471417,0.0008284122347942448,-0.0022672334847000384,0.0022672334847000384,6.0
mihinare,-0.0007194106249528969,0.0015478228597471417,0.0008284122347942448,-0.0022672334847000384,0.0022672334847000384,6.0
minenga,-0.0007194106249528969,0.0015478228597471417,0.0008284122347942448,-0.0022672334847000384,0.0022672334847000384,6.0
minita,-0.0014388212499057938,0.0030956457194942833,0.0016568244695884895,-0.004534466969400077,0.004534466969400077,12.0
mokopuna,0.0028889778976147044,-0.0010359466198517373,0.0018530312777629671,0.003924924517466442,0.003924924517466442,8.0
momo,0.00493246657692019,-0.0013265345718232332,0.003605932005096957,0.006259001148743424,0.006259001148743424,10.0
moni,0.00721320552778972,-0.0015519320984032428,0.005661273429386477,0.008765137626192963,0.008765137626192963,12.0
motu,-0.0007194106249528969,0.0015478228597471417,0.0008284122347942448,-0.0022672334847000384,0.0022672334847000384,6.0
moutere,-0.0007194106249528969,0.0015478228597471417,0.0008284122347942448,-0.0022672334847000384,0.0022672334847000384,6.0
mui,-0.0007194106249528969,0.0015478228597471417,0.0008284122347942448,-0.0022672334847000384,0.0022672334847000384,6.0
māhita,0.0011645484423381323,-0.000626385904590965,0.0005381625377471673,0.0017909343469290973,0.0017909343469290973,6.0
māmā,-0.0001371364037838308,0.00014752552528260585,1.0389121498775042e-05,-0.00028466192906643665,0.00028466192906643665,8.0
mānuka,0.0011645484423381323,-0.000626385904590965,0.0005381625377471673,0.0017909343469290973,0.0017909343469290973,6.0
māori,0.02885282211115888,-0.006207728393612971,0.02264509371754591,0.03506055050477185,0.03506055050477185,48.0
māreikura,0.0011645484423381323,-0.000626385904590965,0.0005381625377471673,0.0017909343469290973,0.0017909343469290973,6.0
mātauranga,0.0011645484423381323,-0.000626385904590965,0.0005381625377471673,0.0017909343469290973,0.0017909343469290973,6.0
mātou,0.027248171312784293,-0.013190592021870578,0.014057579290913716,0.04043876333465487,0.04043876333465487,116.0
mātua,-0.00020570460567574596,0.00022128828792390858,1.5583682248162617e-05,-0.0004269928935996545,0.0004269928935996545,12.0
māua,-0.001579777509341775,0.008497288118429244,0.00691751060908747,-0.010077065627771019,0.010077065627771019,12.0
māui,-0.0007194106249528969,0.0015478228597471417,0.0008284122347942448,-0.0022672334847000384,0.0022672334847000384,6.0
māui-tikitiki-ā-taranga,-0.0007194106249528969,0.0015478228597471417,0.0008284122347942448,-0.0022672334847000384,0.0022672334847000384,6.0
mīhana,-0.0007194106249528969,0.0015478228597471417,0.0008284122347942448,-0.0022672334847000384,0.0022672334847000384,6.0
mīhini,0.0011645484423381323,-0.000626385904590965,0.0005381625377471673,0.0017909343469290973,0.0017909343469290973,6.0
na,-0.061987517300964384,0.1767643079936351,0.11477679069267072,-0.23875182529459948,0.23875182529459948,460.0
nanakia,-0.0007194106249528969,0.0015478228597471417,0.0008284122347942448,-0.0022672334847000384,0.0022672334847000384,6.0
napi,0.0011645484423381323,-0.000626385904590965,0.0005381625377471673,0.0017909343469290973,0.0017909343469290973,6.0
ngāi,0.0028889778976147044,-0.0010359466198517373,0.0018530312777629671,0.003924924517466442,0.003924924517466442,8.0
niho,-0.0007194106249528969,0.0015478228597471417,0.0008284122347942448,-0.0022672334847000384,0.0022672334847000384,6.0
niko,-0.0007194106249528969,0.0015478228597471417,0.0008284122347942448,-0.0022672334847000384,0.0022672334847000384,6.0
nui,0.0011645484423381323,-0.000626385904590965,0.0005381625377471673,0.0017909343469290973,0.0017909343469290973,6.0
nāhi,0.0011645484423381323,-0.000626385904590965,0.0005381625377471673,0.0017909343469290973,0.0017909343469290973,6.0
nāna,-0.0007194106249528969,0.0015478228597471417,0.0008284122347942448,-0.0022672334847000384,0.0022672334847000384,6.0
ohu,-0.0007194106249528969,0.0015478228597471417,0.0008284122347942448,-0.0022672334847000384,0.0022672334847000384,6.0
ono,0.0028889778976147044,-0.0010359466198517373,0.0018530312777629671,0.003924924517466442,0.003924924517466442,8.0
pakeke,0.0011645484423381323,-0.000626385904590965,0.0005381625377471673,0.0017909343469290973,0.0017909343469290973,6.0
paki,-0.0007194106249528969,0.0015478228597471417,0.0008284122347942448,-0.0022672334847000384,0.0022672334847000384,6.0
papa,0.0011645484423381323,-0.000626385904590965,0.0005381625377471673,0.0017909343469290973,0.0017909343469290973,6.0
patricia,0.0028889778976147044,-0.0010359466198517373,0.0018530312777629671,0.003924924517466442,0.003924924517466442,8.0
pene,-0.0007194106249528969,0.0015478228597471417,0.0008284122347942448,-0.0022672334847000384,0.0022672334847000384,6.0
penehīni,0.0011645484423381323,-0.000626385904590965,0.0005381625377471673,0.0017909343469290973,0.0017909343469290973,6.0
pepa,0.0011645484423381323,-0.000626385904590965,0.0005381625377471673,0.0017909343469290973,0.0017909343469290973,6.0
pire,0.0011645484423381323,-0.000626385904590965,0.0005381625377471673,0.0017909343469290973,0.0017909343469290973,6.0
piri,-0.0007194106249528969,0.0015478228597471417,0.0008284122347942448,-0.0022672334847000384,0.0022672334847000384,6.0
pirimia,-0.0001371364037838308,0.00014752552528260585,1.0389121498775042e-05,-0.00028466192906643665,0.00028466192906643665,8.0
pita,-0.0011001290363220654,0.003550416435403029,0.0024502873990809634,-0.004650545471725095,0.004650545471725095,8.0
poari,0.0006157544888961393,-0.0005520021301972966,6.375235869884269e-05,0.001167756619093436,0.001167756619093436,22.0
pononga,0.0028889778976147044,-0.0010359466198517373,0.0018530312777629671,0.003924924517466442,0.003924924517466442,8.0
pouaka,0.0028889778976147044,-0.0010359466198517373,0.0018530312777629671,0.003924924517466442,0.003924924517466442,8.0
ppta,0.0011645484423381323,-0.000626385904590965,0.0005381625377471673,0.0017909343469290973,0.0017909343469290973,6.0
puea,-0.0013702530480138783,0.005896240388423355,0.004525987340409476,-0.007266493436437233,0.007266493436437233,10.0
puhi,-0.0007194106249528969,0.0015478228597471417,0.0008284122347942448,-0.0022672334847000384,0.0022672334847000384,6.0
puku,0.0011645484423381323,-0.000626385904590965,0.0005381625377471673,0.0017909343469290973,0.0017909343469290973,6.0
puni,0.0011645484423381323,-0.000626385904590965,0.0005381625377471673,0.0017909343469290973,0.0017909343469290973,6.0
putiputi,0.0011645484423381323,-0.000626385904590965,0.0005381625377471673,0.0017909343469290973,0.0017909343469290973,6.0
pā,-0.0007194106249528969,0.0015478228597471417,0.0008284122347942448,-0.0022672334847000384,0.0022672334847000384,6.0
pākehā,-0.0003428410094595772,0.0003688138132065149,2.5972803746937686e-05,-0.0007116548226660921,0.0007116548226660921,20.0
pānui,-0.0007194106249528969,0.0015478228597471417,0.0008284122347942448,-0.0022672334847000384,0.0022672334847000384,6.0
pēnei,-0.0007194106249528969,0.0015478228597471417,0.0008284122347942448,-0.0022672334847000384,0.0022672334847000384,6.0
pīhopa,-0.0001371364037838308,0.00014752552528260585,1.0389121498775042e-05,-0.00028466192906643665,0.00028466192906643665,8.0
pōti,0.00493246657692019,-0.0013265345718232332,0.003605932005096957,0.006259001148743424,0.006259001148743424,10.0
pōtiki,-0.0007194106249528969,0.0015478228597471417,0.0008284122347942448,-0.0022672334847000384,0.0022672334847000384,6.0
pū,-0.0007194106249528969,0.0015478228597471417,0.0008284122347942448,-0.0022672334847000384,0.0022672334847000384,6.0
pūrewa,-0.0007194106249528969,0.0015478228597471417,0.0008284122347942448,-0.0022672334847000384,0.0022672334847000384,6.0
pūtea,0.0028889778976147044,-0.0010359466198517373,0.0018530312777629671,0.003924924517466442,0.003924924517466442,8.0
raharuhi,-0.0007194106249528969,0.0015478228597471417,0.0008284122347942448,-0.0022672334847000384,0.0022672334847000384,6.0
rahi,0.0011645484423381323,-0.000626385904590965,0.0005381625377471673,0.0017909343469290973,0.0017909343469290973,6.0
rangahau,0.0011645484423381323,-0.000626385904590965,0.0005381625377471673,0.0017909343469290973,0.0017909343469290973,6.0
rangatahi,0.0023290968846762647,-0.00125277180918193,0.0010763250754943347,0.0035818686938581946,0.0035818686938581946,12.0
rangatira,0.0008062232391995907,-0.0006504755679905789,0.0001557476712090118,0.0014566988071901695,0.0014566988071901695,14.0
rangi-pare,-0.0007194106249528969,0.0015478228597471417,0.0008284122347942448,-0.0022672334847000384,0.0022672334847000384,6.0
raruraru,0.0011645484423381323,-0.000626385904590965,0.0005381625377471673,0.0017909343469290973,0.0017909343469290973,6.0
raukura,0.0011645484423381323,-0.000626385904590965,0.0005381625377471673,0.0017909343469290973,0.0017909343469290973,6.0
ray,-0.0007194106249528969,0.0015478228597471417,0.0008284122347942448,-0.0022672334847000384,0.0022672334847000384,6.0
reimana,0.0011645484423381323,-0.000626385904590965,0.0005381625377471673,0.0017909343469290973,0.0017909343469290973,6.0
rena,0.0028889778976147044,-0.0010359466198517373,0.0018530312777629671,0.003924924517466442,0.003924924517466442,8.0
reo,0.00721320552778972,-0.0015519320984032428,0.005661273429386477,0.008765137626192963,0.008765137626192963,12.0
reti,-0.0007194106249528969,0.0015478228597471417,0.0008284122347942448,-0.0022672334847000384,0.0022672334847000384,6.0
reuben,0.0011645484423381323,-0.000626385904590965,0.0005381625377471673,0.0017909343469290973,0.0017909343469290973,6.0
rima,0.0011645484423381323,-0.000626385904590965,0.0005381625377471673,0.0017909343469290973,0.0017909343469290973,6.0
ringa,0.00493246657692019,-0.0013265345718232332,0.003605932005096957,0.006259001148743424,0.006259001148743424,10.0
ringaringa,-0.0001371364037838308,0.00014752552528260585,1.0389121498775042e-05,-0.00028466192906643665,0.00028466192906643665,8.0
rino,0.0009364506284317593,-0.0006715959052389385,0.00026485472319282086,0.0016080465336706978,0.0016080465336706978,10.0
roa,-0.0011001290363220654,0.003550416435403029,0.0024502873990809634,-0.004650545471725095,0.004650545471725095,8.0
rohe,0.00721320552778972,-0.0015519320984032428,0.005661273429386477,0.008765137626192963,0.008765137626192963,12.0
rua,0.0011645484423381323,-0.000626385904590965,0.0005381625377471673,0.0017909343469290973,0.0017909343469290973,6.0
rā,0.0028889778976147044,-0.0010359466198517373,0.0018530312777629671,0.003924924517466442,0.003924924517466442,8.0
rātou,-0.009149264318911485,0.010159886868312266,0.001010622549400781,-0.01930915118722375,0.01930915118722375,378.0
rāua,-0.0033003871089661956,0.010651249306209087,0.007350862197242892,-0.013951636415175283,0.013951636415175283,24.0
rāwiri,-0.0007194106249528969,0.0015478228597471417,0.0008284122347942448,-0.0022672334847000384,0.0022672334847000384,6.0
rōpū,0.003958993412484813,-0.00170356686234195,0.002255426550142863,0.0056625602748267626,0.0056625602748267626,14.0
rūnanga,-0.0011001290363220654,0.003550416435403029,0.0024502873990809634,-0.004650545471725095,0.004650545471725095,8.0
shelley,-0.0007194106249528969,0.0015478228597471417,0.0008284122347942448,-0.0022672334847000384,0.0022672334847000384,6.0
taha,0.0011645484423381323,-0.000626385904590965,0.0005381625377471673,0.0017909343469290973,0.0017909343469290973,6.0
tahi,0.0011645484423381323,-0.000626385904590965,0.0005381625377471673,0.0017909343469290973,0.0017909343469290973,6.0
tahu,-0.0007194106249528969,0.0015478228597471417,0.0008284122347942448,-0.0022672334847000384,0.0022672334847000384,6.0
taina,0.0011645484423381323,-0.000626385904590965,0.0005381625377471673,0.0017909343469290973,0.0017909343469290973,6.0
take,0.0011645484423381323,-0.000626385904590965,0.0005381625377471673,0.0017909343469290973,0.0017909343469290973,6.0
tama-nui-te-rangi,-0.0007194106249528969,0.0015478228597471417,0.0008284122347942448,-0.0022672334847000384,0.0022672334847000384,6.0
tamariki,-0.0001371364037838308,0.00014752552528260585,1.0389121498775042e-05,-0.00028466192906643665,0.00028466192906643665,8.0
tangata,0.0018729012568635187,-0.001343191810477877,0.0005297094463856417,0.0032160930673413956,0.0032160930673413956,20.0
tangi-ora,-0.0007194106249528969,0.0015478228597471417,0.0008284122347942448,-0.0022672334847000384,0.0022672334847000384,6.0
taokete,-0.0007194106249528969,0.0015478228597471417,0.0008284122347942448,-0.0022672334847000384,0.0022672334847000384,6.0
taonga,-0.0007194106249528969,0.0015478228597471417,0.0008284122347942448,-0.0022672334847000384,0.0022672334847000384,6.0
tara-naki,0.0011645484423381323,-0.000626385904590965,0.0005381625377471673,0.0017909343469290973,0.0017909343469290973,6.0
taraipiunara,0.0011645484423381323,-0.000626385904590965,0.0005381625377471673,0.0017909343469290973,0.0017909343469290973,6.0
tari,-0.00020570460567574596,0.00022128828792390858,1.5583682248162617e-05,-0.0004269928935996545,0.0004269928935996545,12.0
taringa,0.0011645484423381323,-0.000626385904590965,0.0005381625377471673,0.0017909343469290973,0.0017909343469290973,6.0
tau,0.0011645484423381323,-0.000626385904590965,0.0005381625377471673,0.0017909343469290973,0.0017909343469290973,6.0
tauhou,0.0011645484423381323,-0.000626385904590965,0.0005381625377471673,0.0017909343469290973,0.0017909343469290973,6.0
tauira,0.0028889778976147044,-0.0010359466198517373,0.0018530312777629671,0.003924924517466442,0.003924924517466442,8.0
tauiwi,0.003493645327014397,-0.0018791577137728954,0.0016144876132415016,0.005372803040787293,0.005372803040787293,18.0
taunga,0.0011645484423381323,-0.000626385904590965,0.0005381625377471673,0.0017909343469290973,0.0017909343469290973,6.0
taura,-0.0007194106249528969,0.0015478228597471417,0.0008284122347942448,-0.0022672334847000384,0.0022672334847000384,6.0
tere-moana,-0.0007194106249528969,0.0015478228597471417,0.0008284122347942448,-0.0022672334847000384,0.0022672334847000384,6.0
terry,-0.0007194106249528969,0.0015478228597471417,0.0008284122347942448,-0.0022672334847000384,0.0022672334847000384,6.0
tianara,-0.0007194106249528969,0.0015478228597471417,0.0008284122347942448,-0.0022672334847000384,0.0022672334847000384,6.0
tiapanihi,-0.0011001290363220654,0.003550416435403029,0.0024502873990809634,-0.004650545471725095,0.004650545471725095,8.0
tiati,0.0028889778976147044,-0.0010359466198517373,0.0018530312777629671,0.003924924517466442,0.003924924517466442,8.0
tika,0.0028889778976147044,-0.0010359466198517373,0.0018530312777629671,0.003924924517466442,0.003924924517466442,8.0
tikanga,-0.0001371364037838308,0.00014752552528260585,1.0389121498775042e-05,-0.00028466192906643665,0.00028466192906643665,8.0
timoti,-0.0007194106249528969,0.0015478228597471417,0.0008284122347942448,-0.0022672334847000384,0.0022672334847000384,6.0
tipuna,-0.0011001290363220654,0.003550416435403029,0.0024502873990809634,-0.004650545471725095,0.004650545471725095,8.0
tohutohu,-0.0007194106249528969,0.0015478228597471417,0.0008284122347942448,-0.0022672334847000384,0.0022672334847000384,6.0
tokoono,-0.0007194106249528969,0.0015478228597471417,0.0008284122347942448,-0.0022672334847000384,0.0022672334847000384,6.0
tonu,-0.0001371364037838308,0.00014752552528260585,1.0389121498775042e-05,-0.00028466192906643665,0.00028466192906643665,8.0
toro,-0.0011001290363220654,0.003550416435403029,0.0024502873990809634,-0.004650545471725095,0.004650545471725095,8.0
toru,0.009683010333595298,-0.0017360952870840052,0.007946915046511292,0.011419105620679304,0.011419105620679304,14.0
tuakana,0.0011645484423381323,-0.000626385904590965,0.0005381625377471673,0.0017909343469290973,0.0017909343469290973,6.0
ture,0.0023290968846762647,-0.00125277180918193,0.0010763250754943347,0.0035818686938581946,0.0035818686938581946,12.0
tā-roa,-0.0007194106249528969,0.0015478228597471417,0.0008284122347942448,-0.0022672334847000384,0.0022672334847000384,6.0
tāhuhu,-0.0007194106249528969,0.0015478228597471417,0.0008284122347942448,-0.0022672334847000384,0.0022672334847000384,6.0
tāina,-0.0007194106249528969,0.0015478228597471417,0.0008284122347942448,-0.0022672334847000384,0.0022672334847000384,6.0
tākuta,-0.0007194106249528969,0.0015478228597471417,0.0008284122347942448,-0.0022672334847000384,0.0022672334847000384,6.0
tāmati,-0.0007194106249528969,0.0015478228597471417,0.0008284122347942448,-0.0022672334847000384,0.0022672334847000384,6.0
tāne,-0.0008985732265221676,0.001449970433706225,0.0005513972071840575,-0.0023485436602283926,0.0023485436602283926,10.0
tāngata,-0.00020570460567574596,0.00022128828792390858,1.5583682248162617e-05,-0.0004269928935996545,0.0004269928935996545,12.0
tāone,0.0011645484423381323,-0.000626385904590965,0.0005381625377471673,0.0017909343469290973,0.0017909343469290973,6.0
tāpapa,0.0011645484423381323,-0.000626385904590965,0.0005381625377471673,0.0017909343469290973,0.0017909343469290973,6.0
tātou,0.022644985935611733,-0.01065772538825666,0.011987260547355074,0.03330271132386839,0.03330271132386839,92.0
tāua,0.015071672538328232,-0.002026683239055501,0.013044989299272731,0.017098355777383733,0.017098355777383733,18.0
tāwhiao,-0.0011001290363220654,0.003550416435403029,0.0024502873990809634,-0.004650545471725095,0.004650545471725095,8.0
tāwhiri-matea,-0.0007194106249528969,0.0015478228597471417,0.0008284122347942448,-0.0022672334847000384,0.0022672334847000384,6.0
tēnei,-0.00020570460567574596,0.00022128828792390858,1.5583682248162617e-05,-0.0004269928935996545,0.0004269928935996545,12.0
tēnā,0.0028889778976147044,-0.0010359466198517373,0.0018530312777629671,0.003924924517466442,0.003924924517466442,8.0
tēpu,0.0011645484423381323,-0.000626385904590965,0.0005381625377471673,0.0017909343469290973,0.0017909343469290973,6.0
tērā,0.0011645484423381323,-0.000626385904590965,0.0005381625377471673,0.0017909343469290973,0.0017909343469290973,6.0
tētahi,0.005089116504794549,-0.002346280985976708,0.0027428355188178414,0.007435397490771257,0.007435397490771257,20.0
tīkei,0.0011645484423381323,-0.000626385904590965,0.0005381625377471673,0.0017909343469290973,0.0017909343469290973,6.0
tīma,0.0011645484423381323,-0.000626385904590965,0.0005381625377471673,0.0017909343469290973,0.0017909343469290973,6.0
tūhoe,-0.0001371364037838308,0.00014752552528260585,1.0389121498775042e-05,-0.00028466192906643665,0.00028466192906643665,8.0
tūpuna,-0.0011001290363220654,0.003550416435403029,0.0024502873990809634,-0.004650545471725095,0.004650545471725095,8.0
u,0.00395521454907007,-0.0034812425576525824,0.0004739719914174877,0.007436457106722652,0.007436457106722652,120.0
uniana,0.0011645484423381323,-0.000626385904590965,0.0005381625377471673,0.0017909343469290973,0.0017909343469290973,6.0
upoko-o-te-ika,0.0011645484423381323,-0.000626385904590965,0.0005381625377471673,0.0017909343469290973,0.0017909343469290973,6.0
waha,0.00493246657692019,-0.0013265345718232332,0.003605932005096957,0.006259001148743424,0.006259001148743424,10.0
wahine,-0.00020570460567574596,0.00022128828792390858,1.5583682248162617e-05,-0.0004269928935996545,0.0004269928935996545,12.0
wai,0.004749041925620306,-0.004142284726278155,0.0006067571993421507,0.00889132665189846,0.00889132665189846,134.0
wai-horoi,0.0011645484423381323,-0.000626385904590965,0.0005381625377471673,0.0017909343469290973,0.0017909343469290973,6.0
wai-miri-rangi,-0.0007194106249528969,0.0015478228597471417,0.0008284122347942448,-0.0022672334847000384,0.0022672334847000384,6.0
waiata,0.0023290968846762647,-0.00125277180918193,0.0010763250754943347,0.0035818686938581946,0.0035818686938581946,12.0
wairua,-0.0001371364037838308,0.00014752552528260585,1.0389121498775042e-05,-0.00028466192906643665,0.00028466192906643665,8.0
waka,-0.0001371364037838308,0.00014752552528260585,1.0389121498775042e-05,-0.00028466192906643665,0.00028466192906643665,8.0
waru,0.0028889778976147044,-0.0010359466198517373,0.0018530312777629671,0.003924924517466442,0.003924924517466442,8.0
whaea,-0.0011001290363220654,0.003550416435403029,0.0024502873990809634,-0.004650545471725095,0.004650545471725095,8.0
whaene,-0.0011001290363220654,0.003550416435403029,0.0024502873990809634,-0.004650545471725095,0.004650545471725095,8.0
whakaaro,0.0011645484423381323,-0.000626385904590965,0.0005381625377471673,0.0017909343469290973,0.0017909343469290973,6.0
whakaata,0.0011645484423381323,-0.000626385904590965,0.0005381625377471673,0.0017909343469290973,0.0017909343469290973,6.0
whakahau,0.0011645484423381323,-0.000626385904590965,0.0005381625377471673,0.0017909343469290973,0.0017909343469290973,6.0
whakamāramatanga,0.0011645484423381323,-0.000626385904590965,0.0005381625377471673,0.0017909343469290973,0.0017909343469290973,6.0
whakapono,-0.0011001290363220654,0.003550416435403029,0.0024502873990809634,-0.004650545471725095,0.004650545471725095,8.0
whakaputa,0.0011645484423381323,-0.000626385904590965,0.0005381625377471673,0.0017909343469290973,0.0017909343469290973,6.0
whakataetae,-0.0007194106249528969,0.0015478228597471417,0.0008284122347942448,-0.0022672334847000384,0.0022672334847000384,6.0
whanaunga,-0.0001371364037838308,0.00014752552528260585,1.0389121498775042e-05,-0.00028466192906643665,0.00028466192906643665,8.0
whare,0.0028889778976147044,-0.0010359466198517373,0.0018530312777629671,0.003924924517466442,0.003924924517466442,8.0
whitu,0.0011645484423381323,-0.000626385904590965,0.0005381625377471673,0.0017909343469290973,0.0017909343469290973,6.0
whā,0.0028889778976147044,-0.0010359466198517373,0.0018530312777629671,0.003924924517466442,0.003924924517466442,8.0
whānau,-0.0012798637455895673,0.0016062936402980177,0.0003264298947084504,-0.002886157385887585,0.002886157385887585,26.0
wira,0.0028889778976147044,-0.0010359466198517373,0.0018530312777629671,0.003924924517466442,0.003924924517466442,8.0
wā,0.01929002693244284,-0.004446726987673512,0.014843299944769328,0.02373675392011635,0.02373675392011635,34.0
wāhi,0.0028889778976147044,-0.0010359466198517373,0.0018530312777629671,0.003924924517466442,0.003924924517466442,8.0
wāhine,-0.0001371364037838308,0.00014752552528260585,1.0389121498775042e-05,-0.00028466192906643665,0.00028466192906643665,8.0
wētahi,-0.0007194106249528969,0.0015478228597471417,0.0008284122347942448,-0.0022672334847000384,0.0022672334847000384,6.0
āhua,-0.0007194106249528969,0.0015478228597471417,0.0008284122347942448,-0.0022672334847000384,0.0022672334847000384,6.0
āhuatanga,-0.0013702530480138783,0.005896240388423355,0.004525987340409476,-0.007266493436437233,0.007266493436437233,10.0
ākonga,-0.0007194106249528969,0.0015478228597471417,0.0008284122347942448,-0.0022672334847000384,0.0022672334847000384,6.0
āpiha,0.0011645484423381323,-0.000626385904590965,0.0005381625377471673,0.0017909343469290973,0.0017909343469290973,6.0
āti,0.0011645484423381323,-0.000626385904590965,0.0005381625377471673,0.0017909343469290973,0.0017909343469290973,6.0
āwhina,0.0011645484423381323,-0.000626385904590965,0.0005381625377471673,0.0017909343469290973,0.0017909343469290973,6.0
ētahi,-0.0011001290363220654,0.003550416435403029,0.0024502873990809634,-0.004650545471725095,0.004650545471725095,8.0
ētehi,0.0011645484423381323,-0.000626385904590965,0.0005381625377471673,0.0017909343469290973,0.0017909343469290973,6.0
