Head,mā,nā,AE
na,0.059154929577464786,0.1686868686868687,0.11192214111922141
rātou,0.08732394366197183,0.09696969696969697,0.09197080291970802
ku,0.08262910798122065,0.028282828282828285,0.056447688564476885
wai,0.03474178403755868,0.030303030303030304,0.03260340632603406
u,0.030985915492957747,0.02727272727272727,0.029197080291970802
mātou,0.03755868544600939,0.01818181818181818,0.028223844282238442
koutou,0.01784037558685446,0.02727272727272727,0.02238442822384428
tātou,0.03004694835680751,0.014141414141414142,0.02238442822384428
iwi,0.024413145539906103,0.010101010101010102,0.017518248175182483
māori,0.018779342723004695,0.00404040404040404,0.01167883211678832
atua,0.012206572769953052,0.010101010101010102,0.01119221411192214
kāwana,0.009389671361502348,0.012121212121212121,0.01070559610705596
kāwanatanga,0.008450704225352112,0.00909090909090909,0.008759124087591242
wā,0.013145539906103286,0.0030303030303030303,0.00827250608272506
whānau,0.005633802816901409,0.007070707070707071,0.006326034063260341
kōti,0.006572769953051643,0.006060606060606061,0.006326034063260341
rāua,0.0028169014084507044,0.00909090909090909,0.00583941605839416
poari,0.005633802816901409,0.005050505050505051,0.00535279805352798
tētahi,0.006572769953051643,0.0030303030303030303,0.004866180048661801
tangata,0.005633802816901409,0.00404040404040404,0.004866180048661801
pākehā,0.004694835680751174,0.005050505050505051,0.004866180048661801
tauiwi,0.005633802816901409,0.0030303030303030303,0.004379562043795621
tāua,0.007511737089201878,0.00101010101010101,0.004379562043795621
karauna,0.0028169014084507044,0.00404040404040404,0.0034063260340632603
toru,0.005633802816901409,0.00101010101010101,0.0034063260340632603
koroua,0.0018779342723004694,0.005050505050505051,0.0034063260340632603
rōpū,0.004694835680751174,0.00202020202020202,0.0034063260340632603
rangatira,0.003755868544600939,0.0030303030303030303,0.0034063260340632603
kaihanga,0.005633802816901409,0.00101010101010101,0.0034063260340632603
aha,0.0028169014084507044,0.00404040404040404,0.0034063260340632603
reo,0.004694835680751174,0.00101010101010101,0.00291970802919708
ture,0.003755868544600939,0.00202020202020202,0.00291970802919708
rohe,0.004694835680751174,0.00101010101010101,0.00291970802919708
kore,0.0009389671361502347,0.005050505050505051,0.00291970802919708
tēnei,0.0028169014084507044,0.0030303030303030303,0.00291970802919708
wahine,0.0028169014084507044,0.0030303030303030303,0.00291970802919708
kura,0.0018779342723004694,0.00404040404040404,0.00291970802919708
kaha,0.0009389671361502347,0.005050505050505051,0.00291970802919708
tāngata,0.0028169014084507044,0.0030303030303030303,0.00291970802919708
rangatahi,0.003755868544600939,0.00202020202020202,0.00291970802919708
waiata,0.003755868544600939,0.00202020202020202,0.00291970802919708
matua,0.0018779342723004694,0.00404040404040404,0.00291970802919708
minita,0.0018779342723004694,0.00404040404040404,0.00291970802919708
mātua,0.0028169014084507044,0.0030303030303030303,0.00291970802919708
tari,0.0028169014084507044,0.0030303030303030303,0.00291970802919708
apirana,0.0009389671361502347,0.005050505050505051,0.00291970802919708
māua,0.0009389671361502347,0.005050505050505051,0.00291970802919708
kaumātua,0.0018779342723004694,0.00404040404040404,0.00291970802919708
moni,0.004694835680751174,0.00101010101010101,0.00291970802919708
aurere,0.003755868544600939,0.00101010101010101,0.0024330900243309003
pōti,0.003755868544600939,0.00101010101010101,0.0024330900243309003
momo,0.003755868544600939,0.00101010101010101,0.0024330900243309003
puea,0.0009389671361502347,0.00404040404040404,0.0024330900243309003
kuia,0.0018779342723004694,0.0030303030303030303,0.0024330900243309003
tāne,0.0018779342723004694,0.0030303030303030303,0.0024330900243309003
mate,0.0009389671361502347,0.00404040404040404,0.0024330900243309003
āhuatanga,0.0009389671361502347,0.00404040404040404,0.0024330900243309003
kaunihera,0.003755868544600939,0.00101010101010101,0.0024330900243309003
kōrua,0.003755868544600939,0.00101010101010101,0.0024330900243309003
kē,0.0018779342723004694,0.0030303030303030303,0.0024330900243309003
iwa,0.003755868544600939,0.00101010101010101,0.0024330900243309003
john,0.0009389671361502347,0.00404040404040404,0.0024330900243309003
ringa,0.003755868544600939,0.00101010101010101,0.0024330900243309003
hunga,0.0018779342723004694,0.0030303030303030303,0.0024330900243309003
hāhi,0.0009389671361502347,0.00404040404040404,0.0024330900243309003
rino,0.0028169014084507044,0.00202020202020202,0.0024330900243309003
waha,0.003755868544600939,0.00101010101010101,0.0024330900243309003
tūpuna,0.0009389671361502347,0.0030303030303030303,0.0019464720194647203
waka,0.0018779342723004694,0.00202020202020202,0.0019464720194647203
tipuna,0.0009389671361502347,0.0030303030303030303,0.0019464720194647203
waru,0.0028169014084507044,0.00101010101010101,0.0019464720194647203
hōnore,0.0009389671361502347,0.0030303030303030303,0.0019464720194647203
ia,0.0018779342723004694,0.00202020202020202,0.0019464720194647203
mokopuna,0.0028169014084507044,0.00101010101010101,0.0019464720194647203
tonu,0.0018779342723004694,0.00202020202020202,0.0019464720194647203
tikanga,0.0018779342723004694,0.00202020202020202,0.0019464720194647203
toro,0.0009389671361502347,0.0030303030303030303,0.0019464720194647203
wairua,0.0018779342723004694,0.00202020202020202,0.0019464720194647203
rena,0.0028169014084507044,0.00101010101010101,0.0019464720194647203
ētahi,0.0009389671361502347,0.0030303030303030303,0.0019464720194647203
māmā,0.0018779342723004694,0.00202020202020202,0.0019464720194647203
tiati,0.0028169014084507044,0.00101010101010101,0.0019464720194647203
hōiho,0.0009389671361502347,0.0030303030303030303,0.0019464720194647203
pirimia,0.0018779342723004694,0.00202020202020202,0.0019464720194647203
ono,0.0028169014084507044,0.00101010101010101,0.0019464720194647203
hui,0.0009389671361502347,0.0030303030303030303,0.0019464720194647203
tamariki,0.0018779342723004694,0.00202020202020202,0.0019464720194647203
tauira,0.0028169014084507044,0.00101010101010101,0.0019464720194647203
arawa,0.0009389671361502347,0.0030303030303030303,0.0019464720194647203
ngāi,0.0028169014084507044,0.00101010101010101,0.0019464720194647203
pita,0.0009389671361502347,0.0030303030303030303,0.0019464720194647203
tika,0.0028169014084507044,0.00101010101010101,0.0019464720194647203
pononga,0.0028169014084507044,0.00101010101010101,0.0019464720194647203
tiapanihi,0.0009389671361502347,0.0030303030303030303,0.0019464720194647203
whaene,0.0009389671361502347,0.0030303030303030303,0.0019464720194647203
whaea,0.0009389671361502347,0.0030303030303030303,0.0019464720194647203
pouaka,0.0028169014084507044,0.00101010101010101,0.0019464720194647203
marae,0.0028169014084507044,0.00101010101010101,0.0019464720194647203
rūnanga,0.0009389671361502347,0.0030303030303030303,0.0019464720194647203
patricia,0.0028169014084507044,0.00101010101010101,0.0019464720194647203
anō,0.0028169014084507044,0.00101010101010101,0.0019464720194647203
pūtea,0.0028169014084507044,0.00101010101010101,0.0019464720194647203
ringaringa,0.0018779342723004694,0.00202020202020202,0.0019464720194647203
kuini,0.0028169014084507044,0.00101010101010101,0.0019464720194647203
whakapono,0.0009389671361502347,0.0030303030303030303,0.0019464720194647203
whare,0.0028169014084507044,0.00101010101010101,0.0019464720194647203
whanaunga,0.0018779342723004694,0.00202020202020202,0.0019464720194647203
tēnā,0.0028169014084507044,0.00101010101010101,0.0019464720194647203
konā,0.0009389671361502347,0.0030303030303030303,0.0019464720194647203
whā,0.0028169014084507044,0.00101010101010101,0.0019464720194647203
rā,0.0028169014084507044,0.00101010101010101,0.0019464720194647203
komiti,0.0018779342723004694,0.00202020202020202,0.0019464720194647203
hepora,0.0028169014084507044,0.00101010101010101,0.0019464720194647203
roa,0.0009389671361502347,0.0030303030303030303,0.0019464720194647203
tūhoe,0.0018779342723004694,0.00202020202020202,0.0019464720194647203
kaupapa,0.0018779342723004694,0.00202020202020202,0.0019464720194647203
tāwhiao,0.0009389671361502347,0.0030303030303030303,0.0019464720194647203
kupu,0.0028169014084507044,0.00101010101010101,0.0019464720194647203
pīhopa,0.0018779342723004694,0.00202020202020202,0.0019464720194647203
wāhi,0.0028169014084507044,0.00101010101010101,0.0019464720194647203
mana,0.0028169014084507044,0.00101010101010101,0.0019464720194647203
wāhine,0.0018779342723004694,0.00202020202020202,0.0019464720194647203
mahi,0.0028169014084507044,0.00101010101010101,0.0019464720194647203
kōhanga,0.0028169014084507044,0.00101010101010101,0.0019464720194647203
kōrero,0.0009389671361502347,0.0030303030303030303,0.0019464720194647203
kaiako,0.0009389671361502347,0.0030303030303030303,0.0019464720194647203
wira,0.0028169014084507044,0.00101010101010101,0.0019464720194647203
take,0.0018779342723004694,0.00101010101010101,0.00145985401459854
taokete,0.0009389671361502347,0.00202020202020202,0.00145985401459854
tangi-ora,0.0009389671361502347,0.00202020202020202,0.00145985401459854
ākonga,0.0009389671361502347,0.00202020202020202,0.00145985401459854
rima,0.0018779342723004694,0.00101010101010101,0.00145985401459854
rua,0.0018779342723004694,0.00101010101010101,0.00145985401459854
taha,0.0018779342723004694,0.00101010101010101,0.00145985401459854
tahu,0.0009389671361502347,0.00202020202020202,0.00145985401459854
tama-nui-te-rangi,0.0009389671361502347,0.00202020202020202,0.00145985401459854
tahi,0.0018779342723004694,0.00101010101010101,0.00145985401459854
rāwiri,0.0009389671361502347,0.00202020202020202,0.00145985401459854
āwhina,0.0018779342723004694,0.00101010101010101,0.00145985401459854
āti,0.0018779342723004694,0.00101010101010101,0.00145985401459854
taonga,0.0009389671361502347,0.00202020202020202,0.00145985401459854
āpiha,0.0018779342723004694,0.00101010101010101,0.00145985401459854
taina,0.0018779342723004694,0.00101010101010101,0.00145985401459854
shelley,0.0009389671361502347,0.00202020202020202,0.00145985401459854
whakaata,0.0018779342723004694,0.00101010101010101,0.00145985401459854
tara-naki,0.0018779342723004694,0.00101010101010101,0.00145985401459854
tīma,0.0018779342723004694,0.00101010101010101,0.00145985401459854
reuben,0.0018779342723004694,0.00101010101010101,0.00145985401459854
tāpapa,0.0018779342723004694,0.00101010101010101,0.00145985401459854
whitu,0.0018779342723004694,0.00101010101010101,0.00145985401459854
tāwhiri-matea,0.0009389671361502347,0.00202020202020202,0.00145985401459854
tēpu,0.0018779342723004694,0.00101010101010101,0.00145985401459854
tērā,0.0018779342723004694,0.00101010101010101,0.00145985401459854
tīkei,0.0018779342723004694,0.00101010101010101,0.00145985401459854
whakataetae,0.0009389671361502347,0.00202020202020202,0.00145985401459854
tāmati,0.0009389671361502347,0.00202020202020202,0.00145985401459854
whakaputa,0.0018779342723004694,0.00101010101010101,0.00145985401459854
uniana,0.0018779342723004694,0.00101010101010101,0.00145985401459854
upoko-o-te-ika,0.0018779342723004694,0.00101010101010101,0.00145985401459854
wai-horoi,0.0018779342723004694,0.00101010101010101,0.00145985401459854
whakamāramatanga,0.0018779342723004694,0.00101010101010101,0.00145985401459854
wai-miri-rangi,0.0009389671361502347,0.00202020202020202,0.00145985401459854
whakahau,0.0018779342723004694,0.00101010101010101,0.00145985401459854
tāone,0.0018779342723004694,0.00101010101010101,0.00145985401459854
tākuta,0.0009389671361502347,0.00202020202020202,0.00145985401459854
taraipiunara,0.0018779342723004694,0.00101010101010101,0.00145985401459854
tianara,0.0009389671361502347,0.00202020202020202,0.00145985401459854
taringa,0.0018779342723004694,0.00101010101010101,0.00145985401459854
tau,0.0018779342723004694,0.00101010101010101,0.00145985401459854
tauhou,0.0018779342723004694,0.00101010101010101,0.00145985401459854
taunga,0.0018779342723004694,0.00101010101010101,0.00145985401459854
taura,0.0009389671361502347,0.00202020202020202,0.00145985401459854
tere-moana,0.0009389671361502347,0.00202020202020202,0.00145985401459854
terry,0.0009389671361502347,0.00202020202020202,0.00145985401459854
āhua,0.0009389671361502347,0.00202020202020202,0.00145985401459854
tāina,0.0009389671361502347,0.00202020202020202,0.00145985401459854
timoti,0.0009389671361502347,0.00202020202020202,0.00145985401459854
tohutohu,0.0009389671361502347,0.00202020202020202,0.00145985401459854
tokoono,0.0009389671361502347,0.00202020202020202,0.00145985401459854
wētahi,0.0009389671361502347,0.00202020202020202,0.00145985401459854
whakaaro,0.0018779342723004694,0.00101010101010101,0.00145985401459854
tā-roa,0.0009389671361502347,0.00202020202020202,0.00145985401459854
tāhuhu,0.0009389671361502347,0.00202020202020202,0.00145985401459854
tuakana,0.0018779342723004694,0.00101010101010101,0.00145985401459854
pire,0.0018779342723004694,0.00101010101010101,0.00145985401459854
reti,0.0009389671361502347,0.00202020202020202,0.00145985401459854
maha,0.0009389671361502347,0.00202020202020202,0.00145985401459854
inanahi,0.0018779342723004694,0.00101010101010101,0.00145985401459854
ingoa,0.0018779342723004694,0.00101010101010101,0.00145985401459854
joe,0.0009389671361502347,0.00202020202020202,0.00145985401459854
kaipuke,0.0009389671361502347,0.00202020202020202,0.00145985401459854
kaitango,0.0009389671361502347,0.00202020202020202,0.00145985401459854
kaituhi,0.0009389671361502347,0.00202020202020202,0.00145985401459854
kaitā,0.0009389671361502347,0.00202020202020202,0.00145985401459854
kaiwaiata,0.0018779342723004694,0.00101010101010101,0.00145985401459854
kaiārahi,0.0009389671361502347,0.00202020202020202,0.00145985401459854
karakia,0.0018779342723004694,0.00101010101010101,0.00145985401459854
karani,0.0009389671361502347,0.00202020202020202,0.00145985401459854
kaute,0.0018779342723004694,0.00101010101010101,0.00145985401459854
kino,0.0009389671361502347,0.00202020202020202,0.00145985401459854
kiore,0.0018779342723004694,0.00101010101010101,0.00145985401459854
kiri,0.0018779342723004694,0.00101010101010101,0.00145985401459854
konei,0.0018779342723004694,0.00101010101010101,0.00145985401459854
kooti,0.0009389671361502347,0.00202020202020202,0.00145985401459854
koporeihana,0.0018779342723004694,0.00101010101010101,0.00145985401459854
koro,0.0018779342723004694,0.00101010101010101,0.00145985401459854
kotahi,0.0009389671361502347,0.00202020202020202,0.00145985401459854
kuratini,0.0018779342723004694,0.00101010101010101,0.00145985401459854
kurī,0.0009389671361502347,0.00202020202020202,0.00145985401459854
kākano,0.0018779342723004694,0.00101010101010101,0.00145985401459854
kōmihana,0.0018779342723004694,0.00101010101010101,0.00145985401459854
kūare,0.0009389671361502347,0.00202020202020202,0.00145985401459854
ihu,0.0018779342723004694,0.00101010101010101,0.00145985401459854
hōne,0.0009389671361502347,0.00202020202020202,0.00145985401459854
hīkoi,0.0018779342723004694,0.00101010101010101,0.00145985401459854
gee,0.0009389671361502347,0.00202020202020202,0.00145985401459854
ahau,0.0009389671361502347,0.00202020202020202,0.00145985401459854
all,0.0009389671361502347,0.00202020202020202,0.00145985401459854
anahera,0.0009389671361502347,0.00202020202020202,0.00145985401459854
apa-nui,0.0009389671361502347,0.00202020202020202,0.00145985401459854
ara,0.0018779342723004694,0.00101010101010101,0.00145985401459854
aroha,0.0009389671361502347,0.00202020202020202,0.00145985401459854
atu,0.0018779342723004694,0.00101010101010101,0.00145985401459854
bill,0.0009389671361502347,0.00202020202020202,0.00145985401459854
briony,0.0009389671361502347,0.00202020202020202,0.00145985401459854
esther,0.0009389671361502347,0.00202020202020202,0.00145985401459854
gary,0.0018779342723004694,0.00101010101010101,0.00145985401459854
gerry,0.0009389671361502347,0.00202020202020202,0.00145985401459854
hākari,0.0018779342723004694,0.00101010101010101,0.00145985401459854
hainamana,0.0018779342723004694,0.00101010101010101,0.00145985401459854
hau,0.0018779342723004694,0.00101010101010101,0.00145985401459854
heamana,0.0009389671361502347,0.00202020202020202,0.00145985401459854
hepi,0.0018779342723004694,0.00101010101010101,0.00145985401459854
hiku-rangi,0.0018779342723004694,0.00101010101010101,0.00145985401459854
hoa,0.0018779342723004694,0.00101010101010101,0.00145985401459854
hoani,0.0009389671361502347,0.00202020202020202,0.00145985401459854
hoko,0.0009389671361502347,0.00202020202020202,0.00145985401459854
horo,0.0009389671361502347,0.00202020202020202,0.00145985401459854
hotu,0.0009389671361502347,0.00202020202020202,0.00145985401459854
huarahi,0.0018779342723004694,0.00101010101010101,0.00145985401459854
maaka,0.0009389671361502347,0.00202020202020202,0.00145985401459854
manatū,0.0018779342723004694,0.00101010101010101,0.00145985401459854
reimana,0.0018779342723004694,0.00101010101010101,0.00145985401459854
maree,0.0018779342723004694,0.00101010101010101,0.00145985401459854
paki,0.0009389671361502347,0.00202020202020202,0.00145985401459854
papa,0.0018779342723004694,0.00101010101010101,0.00145985401459854
pene,0.0009389671361502347,0.00202020202020202,0.00145985401459854
penehīni,0.0018779342723004694,0.00101010101010101,0.00145985401459854
pepa,0.0018779342723004694,0.00101010101010101,0.00145985401459854
ahakoa,0.0009389671361502347,0.00202020202020202,0.00145985401459854
piri,0.0009389671361502347,0.00202020202020202,0.00145985401459854
ppta,0.0018779342723004694,0.00101010101010101,0.00145985401459854
puhi,0.0009389671361502347,0.00202020202020202,0.00145985401459854
puku,0.0018779342723004694,0.00101010101010101,0.00145985401459854
puni,0.0018779342723004694,0.00101010101010101,0.00145985401459854
putiputi,0.0018779342723004694,0.00101010101010101,0.00145985401459854
pā,0.0009389671361502347,0.00202020202020202,0.00145985401459854
pānui,0.0009389671361502347,0.00202020202020202,0.00145985401459854
pēnei,0.0009389671361502347,0.00202020202020202,0.00145985401459854
pōtiki,0.0009389671361502347,0.00202020202020202,0.00145985401459854
pū,0.0009389671361502347,0.00202020202020202,0.00145985401459854
pūrewa,0.0009389671361502347,0.00202020202020202,0.00145985401459854
raharuhi,0.0009389671361502347,0.00202020202020202,0.00145985401459854
rahi,0.0018779342723004694,0.00101010101010101,0.00145985401459854
rangahau,0.0018779342723004694,0.00101010101010101,0.00145985401459854
rangi-pare,0.0009389671361502347,0.00202020202020202,0.00145985401459854
raruraru,0.0018779342723004694,0.00101010101010101,0.00145985401459854
raukura,0.0018779342723004694,0.00101010101010101,0.00145985401459854
ray,0.0009389671361502347,0.00202020202020202,0.00145985401459854
pakeke,0.0018779342723004694,0.00101010101010101,0.00145985401459854
ohu,0.0009389671361502347,0.00202020202020202,0.00145985401459854
nāna,0.0009389671361502347,0.00202020202020202,0.00145985401459854
māhita,0.0018779342723004694,0.00101010101010101,0.00145985401459854
mary,0.0009389671361502347,0.00202020202020202,0.00145985401459854
matawaka,0.0018779342723004694,0.00101010101010101,0.00145985401459854
matua-te-mana,0.0009389671361502347,0.00202020202020202,0.00145985401459854
maunga,0.0018779342723004694,0.00101010101010101,0.00145985401459854
mema,0.0018779342723004694,0.00101010101010101,0.00145985401459854
mere,0.0009389671361502347,0.00202020202020202,0.00145985401459854
mihinare,0.0009389671361502347,0.00202020202020202,0.00145985401459854
minenga,0.0009389671361502347,0.00202020202020202,0.00145985401459854
motu,0.0009389671361502347,0.00202020202020202,0.00145985401459854
moutere,0.0009389671361502347,0.00202020202020202,0.00145985401459854
mui,0.0009389671361502347,0.00202020202020202,0.00145985401459854
mānuka,0.0018779342723004694,0.00101010101010101,0.00145985401459854
nāhi,0.0018779342723004694,0.00101010101010101,0.00145985401459854
māreikura,0.0018779342723004694,0.00101010101010101,0.00145985401459854
mātauranga,0.0018779342723004694,0.00101010101010101,0.00145985401459854
māui,0.0009389671361502347,0.00202020202020202,0.00145985401459854
māui-tikitiki-ā-taranga,0.0009389671361502347,0.00202020202020202,0.00145985401459854
mīhana,0.0009389671361502347,0.00202020202020202,0.00145985401459854
mīhini,0.0018779342723004694,0.00101010101010101,0.00145985401459854
nanakia,0.0009389671361502347,0.00202020202020202,0.00145985401459854
napi,0.0018779342723004694,0.00101010101010101,0.00145985401459854
niho,0.0009389671361502347,0.00202020202020202,0.00145985401459854
niko,0.0009389671361502347,0.00202020202020202,0.00145985401459854
nui,0.0018779342723004694,0.00101010101010101,0.00145985401459854
ētehi,0.0018779342723004694,0.00101010101010101,0.00145985401459854
