Predecessor,mā,nā,Key,Diff,DiffAbs,Count
ahakoa,-0.0038847797955535025,0.01198495894372889,0.008100179148175388,-0.015869738739282394,0.015869738739282394,8.0
and,-0.0024866242503529356,0.005114333564555684,0.0026277093142027482,-0.00760095781490862,0.00760095781490862,6.0
arawa,0.0045874022656382015,-0.002358770668501912,0.0022286315971362896,0.006946172934140113,0.006946172934140113,6.0
aroha,-0.0024866242503529356,0.005114333564555684,0.0026277093142027482,-0.00760095781490862,0.00760095781490862,6.0
arā,-0.0024866242503529356,0.005114333564555684,0.0026277093142027482,-0.00760095781490862,0.00760095781490862,6.0
brian,0.0045874022656382015,-0.002358770668501912,0.0022286315971362896,0.006946172934140113,0.006946172934140113,6.0
ehara,-0.00883266772784672,0.031791339516895105,0.022958671789048386,-0.04062400724474183,0.04062400724474183,18.0
engari,-0.00038584623506767053,0.00039679222755185977,1.0945992484189232e-05,-0.0007826384626195304,0.0007826384626195304,16.0
hea,0.0045874022656382015,-0.002358770668501912,0.0022286315971362896,0.006946172934140113,0.006946172934140113,6.0
hoa,-0.0024866242503529356,0.005114333564555684,0.0026277093142027482,-0.00760095781490862,0.00760095781490862,6.0
hoki,0.0045874022656382015,-0.002358770668501912,0.0022286315971362896,0.006946172934140113,0.006946172934140113,6.0
hunga,-0.008036410155298108,0.0826439342211508,0.07460752406585269,-0.0906803443764489,0.0906803443764489,22.0
hōnore,-0.0038847797955535025,0.01198495894372889,0.008100179148175388,-0.015869738739282394,0.015869738739282394,8.0
ia,-0.0029892342079349686,0.00461105276755926,0.0016218185596242915,-0.007600286975494228,0.007600286975494228,10.0
ika,-0.0024866242503529356,0.005114333564555684,0.0026277093142027482,-0.00760095781490862,0.00760095781490862,6.0
inā,0.0045874022656382015,-0.002358770668501912,0.0022286315971362896,0.006946172934140113,0.006946172934140113,6.0
ināianei,0.011075570034059002,-0.003796590200800367,0.007278979833258635,0.014872160234859369,0.014872160234859369,8.0
iwi,-0.00019292311753383527,0.00019839611377592988,5.472996242094616e-06,-0.0003913192313097652,0.0003913192313097652,8.0
kaha,-0.0024866242503529356,0.005114333564555684,0.0026277093142027482,-0.00760095781490862,0.00760095781490862,6.0
kai,0.0045874022656382015,-0.002358770668501912,0.0022286315971362896,0.006946172934140113,0.006946172934140113,6.0
kaikutikuti,0.0045874022656382015,-0.002358770668501912,0.0022286315971362896,0.006946172934140113,0.006946172934140113,6.0
kaiārahi,-0.0024866242503529356,0.005114333564555684,0.0026277093142027482,-0.00760095781490862,0.00760095781490862,6.0
kake,-0.0024866242503529356,0.005114333564555684,0.0026277093142027482,-0.00760095781490862,0.00760095781490862,6.0
kamupene,-0.0024866242503529356,0.005114333564555684,0.0026277093142027482,-0.00760095781490862,0.00760095781490862,6.0
karaitiana,-0.0024866242503529356,0.005114333564555684,0.0026277093142027482,-0.00760095781490862,0.00760095781490862,6.0
katoa,0.0045874022656382015,-0.002358770668501912,0.0022286315971362896,0.006946172934140113,0.006946172934140113,6.0
kaupapa,-0.00038584623506767053,0.00039679222755185977,1.0945992484189232e-05,-0.0007826384626195304,0.0007826384626195304,16.0
kite,0.0039050819593009476,-0.002677242950820981,0.0012278390084799668,0.006582324910121928,0.006582324910121928,10.0
koe,-0.0024866242503529356,0.005114333564555684,0.0026277093142027482,-0.00760095781490862,0.00760095781490862,6.0
koia,-0.0038847797955535025,0.01198495894372889,0.008100179148175388,-0.015869738739282394,0.015869738739282394,8.0
komiti,-0.0038847797955535025,0.01198495894372889,0.008100179148175388,-0.015869738739282394,0.015869738739282394,8.0
konei,0.0039050819593009476,-0.002677242950820981,0.0012278390084799668,0.006582324910121928,0.006582324910121928,10.0
korotangi,0.0045874022656382015,-0.002358770668501912,0.0022286315971362896,0.006946172934140113,0.006946172934140113,6.0
koroua,-0.0024866242503529356,0.005114333564555684,0.0026277093142027482,-0.00760095781490862,0.00760095781490862,6.0
kuia,-0.0038847797955535025,0.01198495894372889,0.008100179148175388,-0.015869738739282394,0.015869738739282394,8.0
kāmura,-0.0024866242503529356,0.005114333564555684,0.0026277093142027482,-0.00760095781490862,0.00760095781490862,6.0
kāre,0.0045874022656382015,-0.002358770668501912,0.0022286315971362896,0.006946172934140113,0.006946172934140113,6.0
kātahi,-0.0024866242503529356,0.005114333564555684,0.0026277093142027482,-0.00760095781490862,0.00760095781490862,6.0
kī,-0.0002893846763007529,0.00029759417066389484,8.209494363141964e-06,-0.0005869788469646477,0.0005869788469646477,12.0
kōhanga,0.0045874022656382015,-0.002358770668501912,0.0022286315971362896,0.006946172934140113,0.006946172934140113,6.0
kōrero,-0.005646247463712091,0.029032123483626007,0.023385876019913918,-0.0346783709473381,0.0346783709473381,12.0
mahi,0.0045874022656382015,-0.002358770668501912,0.0022286315971362896,0.006946172934140113,0.006946172934140113,6.0
mahue,0.0045874022656382015,-0.002358770668501912,0.0022286315971362896,0.006946172934140113,0.006946172934140113,6.0
mana,0.011075570034059002,-0.003796590200800367,0.007278979833258635,0.014872160234859369,0.014872160234859369,8.0
mea,-0.013612993111018755,0.09799424118924849,0.08438124807822973,-0.11160723430026724,0.11160723430026724,32.0
mehemea,-0.0038847797955535025,0.01198495894372889,0.008100179148175388,-0.015869738739282394,0.015869738739282394,8.0
minita,-0.0024866242503529356,0.005114333564555684,0.0026277093142027482,-0.00760095781490862,0.00760095781490862,6.0
moe-rewa,-0.0024866242503529356,0.005114333564555684,0.0026277093142027482,-0.00760095781490862,0.00760095781490862,6.0
motu,-0.0024866242503529356,0.005114333564555684,0.0026277093142027482,-0.00760095781490862,0.00760095781490862,6.0
mutunga,0.0045874022656382015,-0.002358770668501912,0.0022286315971362896,0.006946172934140113,0.006946172934140113,6.0
māori,0.0045874022656382015,-0.002358770668501912,0.0022286315971362896,0.006946172934140113,0.006946172934140113,6.0
mōhio,-0.004973248500705871,0.010228667129111368,0.0052554186284054965,-0.01520191562981724,0.01520191562981724,12.0
mōnehu,0.0045874022656382015,-0.002358770668501912,0.0022286315971362896,0.006946172934140113,0.006946172934140113,6.0
na,-0.0024866242503529356,0.005114333564555684,0.0026277093142027482,-0.00760095781490862,0.00760095781490862,6.0
nanakia,-0.0038847797955535025,0.01198495894372889,0.008100179148175388,-0.015869738739282394,0.015869738739282394,8.0
noho,-0.00038584623506767053,0.00039679222755185977,1.0945992484189232e-05,-0.0007826384626195304,0.0007826384626195304,16.0
ono,0.0045874022656382015,-0.002358770668501912,0.0022286315971362896,0.006946172934140113,0.006946172934140113,6.0
pai,0.009174804531276403,-0.004717541337003824,0.004457263194272579,0.013892345868280226,0.013892345868280226,12.0
pea,-0.00019292311753383527,0.00019839611377592988,5.472996242094616e-06,-0.0003913192313097652,0.0003913192313097652,8.0
pukapuka,-0.0024866242503529356,0.005114333564555684,0.0026277093142027482,-0.00760095781490862,0.00760095781490862,6.0
pākeke,-0.0024866242503529356,0.005114333564555684,0.0026277093142027482,-0.00760095781490862,0.00760095781490862,6.0
pānui,0.0045874022656382015,-0.002358770668501912,0.0022286315971362896,0.006946172934140113,0.006946172934140113,6.0
pēnei,0.0045874022656382015,-0.002358770668501912,0.0022286315971362896,0.006946172934140113,0.006946172934140113,6.0
pērā,-0.0024866242503529356,0.005114333564555684,0.0026277093142027482,-0.00760095781490862,0.00760095781490862,6.0
pōti,0.0045874022656382015,-0.002358770668501912,0.0022286315971362896,0.006946172934140113,0.006946172934140113,6.0
pūtea,0.0045874022656382015,-0.002358770668501912,0.0022286315971362896,0.006946172934140113,0.006946172934140113,6.0
reira,-0.004876786941938954,0.020060542030670876,0.015183755088731921,-0.02493732897260983,0.02493732897260983,10.0
reo,-0.0038847797955535025,0.01198495894372889,0.008100179148175388,-0.015869738739282394,0.015869738739282394,8.0
riro,0.22723251088360394,-0.041942352890863434,0.1852901579927405,0.26917486377446737,0.26917486377446737,92.0
rua,0.01873545529762048,-0.0048167393938917885,0.01391871590372869,0.023552194691512266,0.023552194691512266,10.0
rākau,-0.0024866242503529356,0.005114333564555684,0.0026277093142027482,-0.00760095781490862,0.00760095781490862,6.0
rātou,0.011075570034059002,-0.003796590200800367,0.007278979833258635,0.014872160234859369,0.014872160234859369,8.0
rīpoata,0.0045874022656382015,-0.002358770668501912,0.0022286315971362896,0.006946172934140113,0.006946172934140113,6.0
rōia,-0.0024866242503529356,0.005114333564555684,0.0026277093142027482,-0.00760095781490862,0.00760095781490862,6.0
rōpū,-0.0024866242503529356,0.005114333564555684,0.0026277093142027482,-0.00760095781490862,0.00760095781490862,6.0
take,0.011075570034059002,-0.003796590200800367,0.007278979833258635,0.014872160234859369,0.014872160234859369,8.0
tamariki,0.0045874022656382015,-0.002358770668501912,0.0022286315971362896,0.006946172934140113,0.006946172934140113,6.0
tamāhine,-0.0024866242503529356,0.005114333564555684,0.0026277093142027482,-0.00760095781490862,0.00760095781490862,6.0
tangata,-0.01024969941796154,0.2002689496204542,0.19001925020249266,-0.21051864903841572,0.21051864903841572,40.0
taonga,0.0045874022656382015,-0.002358770668501912,0.0022286315971362896,0.006946172934140113,0.006946172934140113,6.0
taputapu,-0.0024866242503529356,0.005114333564555684,0.0026277093142027482,-0.00760095781490862,0.00760095781490862,6.0
tau,0.03649211621763411,-0.006254558926190245,0.030237557291443867,0.04274667514382435,0.04274667514382435,14.0
tauira,-0.0024866242503529356,0.005114333564555684,0.0026277093142027482,-0.00760095781490862,0.00760095781490862,6.0
tekau,0.03649211621763411,-0.006254558926190245,0.030237557291443867,0.04274667514382435,0.04274667514382435,14.0
tika,0.046295014065828796,-0.006801192542598962,0.03949382152322983,0.05309620660842776,0.05309620660842776,16.0
tikanga,0.011075570034059002,-0.003796590200800367,0.007278979833258635,0.014872160234859369,0.014872160234859369,8.0
tino,0.0045874022656382015,-0.002358770668501912,0.0022286315971362896,0.006946172934140113,0.006946172934140113,6.0
titiro,0.0045874022656382015,-0.002358770668501912,0.0022286315971362896,0.006946172934140113,0.006946172934140113,6.0
tohunga,-0.0024866242503529356,0.005114333564555684,0.0026277093142027482,-0.00760095781490862,0.00760095781490862,6.0
tokotoru,-0.0024866242503529356,0.005114333564555684,0.0026277093142027482,-0.00760095781490862,0.00760095781490862,6.0
tono,0.011075570034059002,-0.003796590200800367,0.007278979833258635,0.014872160234859369,0.014872160234859369,8.0
toru,0.0045874022656382015,-0.002358770668501912,0.0022286315971362896,0.006946172934140113,0.006946172934140113,6.0
tou,0.0045874022656382015,-0.002358770668501912,0.0022286315971362896,0.006946172934140113,0.006946172934140113,6.0
tuahine,0.0045874022656382015,-0.002358770668501912,0.0022286315971362896,0.006946172934140113,0.006946172934140113,6.0
tuku,0.046295014065828796,-0.006801192542598962,0.03949382152322983,0.05309620660842776,0.05309620660842776,16.0
ture,-0.00019292311753383527,0.00019839611377592988,5.472996242094616e-06,-0.0003913192313097652,0.0003913192313097652,8.0
tāne,-0.0024866242503529356,0.005114333564555684,0.0026277093142027482,-0.00760095781490862,0.00760095781490862,6.0
tāngata,-0.005646247463712091,0.029032123483626007,0.023385876019913918,-0.0346783709473381,0.0346783709473381,12.0
tāra,0.0045874022656382015,-0.002358770668501912,0.0022286315971362896,0.006946172934140113,0.006946172934140113,6.0
tātou,0.01873545529762048,-0.0048167393938917885,0.01391871590372869,0.023552194691512266,0.023552194691512266,10.0
tēnei,-0.0024866242503529356,0.005114333564555684,0.0026277093142027482,-0.00760095781490862,0.00760095781490862,6.0
tēnā,-0.00019292311753383527,0.00019839611377592988,5.472996242094616e-06,-0.0003913192313097652,0.0003913192313097652,8.0
tētahi,-0.0038847797955535025,0.01198495894372889,0.008100179148175388,-0.015869738739282394,0.015869738739282394,8.0
tīmata,-0.0024866242503529356,0.005114333564555684,0.0026277093142027482,-0.00760095781490862,0.00760095781490862,6.0
tūpuna,-0.0038847797955535025,0.01198495894372889,0.008100179148175388,-0.015869738739282394,0.015869738739282394,8.0
wahine,-0.006274942487139521,0.03871773023979704,0.03244278775265752,-0.044992672726936564,0.044992672726936564,14.0
waiho,0.13862463874447262,-0.009503816840637603,0.129120821903835,0.14812845558511023,0.14812845558511023,32.0
waka,-0.0024866242503529356,0.005114333564555684,0.0026277093142027482,-0.00760095781490862,0.00760095781490862,6.0
whai,0.0045874022656382015,-0.002358770668501912,0.0022286315971362896,0.006946172934140113,0.006946172934140113,6.0
whakaae,0.03649211621763411,-0.006254558926190245,0.030237557291443867,0.04274667514382435,0.04274667514382435,14.0
whakaatanga,0.0045874022656382015,-0.002358770668501912,0.0022286315971362896,0.006946172934140113,0.006946172934140113,6.0
whakahoki,0.011075570034059002,-0.003796590200800367,0.007278979833258635,0.014872160234859369,0.014872160234859369,8.0
whakairo,-0.0024866242503529356,0.005114333564555684,0.0026277093142027482,-0.00760095781490862,0.00760095781490862,6.0
whakapae,-0.006274942487139521,0.03871773023979704,0.03244278775265752,-0.044992672726936564,0.044992672726936564,14.0
whakarite,0.0045874022656382015,-0.002358770668501912,0.0022286315971362896,0.006946172934140113,0.006946172934140113,6.0
whakataetae,-0.0024866242503529356,0.005114333564555684,0.0026277093142027482,-0.00760095781490862,0.00760095781490862,6.0
whare,-0.0024866242503529356,0.005114333564555684,0.0026277093142027482,-0.00760095781490862,0.00760095781490862,6.0
whenua,-0.0024866242503529356,0.005114333564555684,0.0026277093142027482,-0.00760095781490862,0.00760095781490862,6.0
wherawhera,-0.0024866242503529356,0.005114333564555684,0.0026277093142027482,-0.00760095781490862,0.00760095781490862,6.0
whā,0.0045874022656382015,-0.002358770668501912,0.0022286315971362896,0.006946172934140113,0.006946172934140113,6.0
whāngai,0.0045874022656382015,-0.002358770668501912,0.0022286315971362896,0.006946172934140113,0.006946172934140113,6.0
wiki,-0.0024866242503529356,0.005114333564555684,0.0026277093142027482,-0.00760095781490862,0.00760095781490862,6.0
wā,-0.00019292311753383527,0.00019839611377592988,5.472996242094616e-06,-0.0003913192313097652,0.0003913192313097652,8.0
wāhanga,0.0045874022656382015,-0.002358770668501912,0.0022286315971362896,0.006946172934140113,0.006946172934140113,6.0
wāriu,0.0045874022656382015,-0.002358770668501912,0.0022286315971362896,0.006946172934140113,0.006946172934140113,6.0
āhei,0.0045874022656382015,-0.002358770668501912,0.0022286315971362896,0.006946172934140113,0.006946172934140113,6.0
