SubHead,True,False,Key,Diff,DiffAbs,Count
aituā,-0.00121627169340629,0.0024239931464371403,0.0012077214530308504,-0.0036402648398434303,0.0036402648398434303,6.0
ako,0.0019465655583436677,-0.0016626201429789501,0.0002839454153647175,0.003609185701322618,0.003609185701322618,26.0
arataki,-0.0024387534933356463,0.009720725699271085,0.007281972205935438,-0.012159479192606732,0.012159479192606732,10.0
atawhai,0.0021639483518875306,-0.0014375614710254595,0.0007263868808620711,0.00360150982291299,0.00360150982291299,10.0
aukati,-0.0019313777041790666,0.005773767091052008,0.0038423893868729415,-0.007705144795231074,0.007705144795231074,8.0
awhi,0.009804694825527122,-0.002442557981579032,0.007362136843948089,0.012247252807106153,0.012247252807106153,10.0
eke,0.0024573838129048472,-0.0012243731299798313,0.001233010682925016,0.0036817569428846788,0.0036817569428846788,6.0
haehae,0.0024573838129048472,-0.0012243731299798313,0.001233010682925016,0.0036817569428846788,0.0036817569428846788,6.0
haere,0.0058313937516756,-0.0019369655871119304,0.0038944281645636697,0.00776835933878753,0.00776835933878753,8.0
haina,-0.0019313777041790666,0.005773767091052008,0.0038423893868729415,-0.007705144795231074,0.007705144795231074,8.0
hanga,-0.006376874848378167,0.011649844296817407,0.00527296944843924,-0.018026719145195574,0.018026719145195574,34.0
haramai,0.0024573838129048472,-0.0012243731299798313,0.001233010682925016,0.0036817569428846788,0.0036817569428846788,6.0
hari,1.8630319569199854e-05,-1.8564835141891596e-05,6.548442730825815e-08,3.719515471109145e-05,3.719515471109145e-05,12.0
harry,-0.00121627169340629,0.0024239931464371403,0.0012077214530308504,-0.0036402648398434303,0.0036402648398434303,6.0
hautū,1.8630319569199854e-05,-1.8564835141891596e-05,6.548442730825815e-08,3.719515471109145e-05,3.719515471109145e-05,12.0
heke,1.2420213046133526e-05,-1.2376556761261352e-05,4.3656284872174925e-08,2.4796769807394876e-05,2.4796769807394876e-05,8.0
hiahia,0.0058313937516756,-0.0019369655871119304,0.0038944281645636697,0.00776835933878753,0.00776835933878753,8.0
hiki,-0.0019313777041790666,0.005773767091052008,0.0038423893868729415,-0.007705144795231074,0.007705144795231074,8.0
hoatu,0.0058313937516756,-0.0019369655871119304,0.0038944281645636697,0.00776835933878753,0.00776835933878753,8.0
hoki,0.0024573838129048472,-0.0012243731299798313,0.001233010682925016,0.0036817569428846788,0.0036817569428846788,6.0
hoko,1.2420213046133526e-05,-1.2376556761261352e-05,4.3656284872174925e-08,2.4796769807394876e-05,2.4796769807394876e-05,8.0
homai,0.002054343582718587,-0.0015353420185431968,0.0005190015641753903,0.003589685601261784,0.003589685601261784,14.0
hono,0.0024573838129048472,-0.0012243731299798313,0.001233010682925016,0.0036817569428846788,0.0036817569428846788,6.0
hopu,0.0024573838129048472,-0.0012243731299798313,0.001233010682925016,0.0036817569428846788,0.0036817569428846788,6.0
horoi,-0.00121627169340629,0.0024239931464371403,0.0012077214530308504,-0.0036402648398434303,0.0036402648398434303,6.0
hua,0.0024573838129048472,-0.0012243731299798313,0.001233010682925016,0.0036817569428846788,0.0036817569428846788,6.0
hura,0.0058313937516756,-0.0019369655871119304,0.0038944281645636697,0.00776835933878753,0.00776835933878753,8.0
huti,-0.00121627169340629,0.0024239931464371403,0.0012077214530308504,-0.0036402648398434303,0.0036402648398434303,6.0
hāmene,1.2420213046133526e-05,-1.2376556761261352e-05,4.3656284872174925e-08,2.4796769807394876e-05,2.4796769807394876e-05,8.0
hāpai,0.014223624716337558,-0.0028347259100750073,0.011388898806262551,0.017058350626412564,0.017058350626412564,12.0
hē,-0.00121627169340629,0.0024239931464371403,0.0012077214530308504,-0.0036402648398434303,0.0036402648398434303,6.0
hūpoki,-0.00121627169340629,0.0024239931464371403,0.0012077214530308504,-0.0036402648398434303,0.0036402648398434303,6.0
ingarangi,0.0024573838129048472,-0.0012243731299798313,0.001233010682925016,0.0036817569428846788,0.0036817569428846788,6.0
inoi,1.2420213046133526e-05,-1.2376556761261352e-05,4.3656284872174925e-08,2.4796769807394876e-05,2.4796769807394876e-05,8.0
kaha,0.0024573838129048472,-0.0012243731299798313,0.001233010682925016,0.0036817569428846788,0.0036817569428846788,6.0
kai,-0.00243254338681258,0.004847986292874281,0.0024154429060617008,-0.007280529679686861,0.007280529679686861,12.0
kaiarataki,-0.00121627169340629,0.0024239931464371403,0.0012077214530308504,-0.0036402648398434303,0.0036402648398434303,6.0
kaiwhakahaere,-0.0019313777041790666,0.005773767091052008,0.0038423893868729415,-0.007705144795231074,0.007705144795231074,8.0
kaiārahi,-0.00121627169340629,0.0024239931464371403,0.0012077214530308504,-0.0036402648398434303,0.0036402648398434303,6.0
kapo,-0.00121627169340629,0.0024239931464371403,0.0012077214530308504,-0.0036402648398434303,0.0036402648398434303,6.0
karanga,0.0024573838129048472,-0.0012243731299798313,0.001233010682925016,0.0036817569428846788,0.0036817569428846788,6.0
kati,0.0024573838129048472,-0.0012243731299798313,0.001233010682925016,0.0036817569428846788,0.0036817569428846788,6.0
kaute,-0.00121627169340629,0.0024239931464371403,0.0012077214530308504,-0.0036402648398434303,0.0036402648398434303,6.0
kawe,-0.00300699409580108,0.003995232928691769,0.000988238832890689,-0.0070022270244928485,0.0070022270244928485,28.0
kimi,-0.0019313777041790666,0.005773767091052008,0.0038423893868729415,-0.007705144795231074,0.007705144795231074,8.0
kiri,0.0024573838129048472,-0.0012243731299798313,0.001233010682925016,0.0036817569428846788,0.0036817569428846788,6.0
kite,1.8630319569199854e-05,-1.8564835141891596e-05,6.548442730825815e-08,3.719515471109145e-05,3.719515471109145e-05,12.0
kohi,-0.0019313777041790666,0.005773767091052008,0.0038423893868729415,-0.007705144795231074,0.007705144795231074,8.0
konei,-0.00121627169340629,0.0024239931464371403,0.0012077214530308504,-0.0036402648398434303,0.0036402648398434303,6.0
konā,-0.00121627169340629,0.0024239931464371403,0.0012077214530308504,-0.0036402648398434303,0.0036402648398434303,6.0
kore,-0.00121627169340629,0.0024239931464371403,0.0012077214530308504,-0.0036402648398434303,0.0036402648398434303,6.0
kuia,-0.00121627169340629,0.0024239931464371403,0.0012077214530308504,-0.0036402648398434303,0.0036402648398434303,6.0
kura,-0.00121627169340629,0.0024239931464371403,0.0012077214530308504,-0.0036402648398434303,0.0036402648398434303,6.0
kī,0.01969372568403465,-0.007136183072597953,0.012557542611436698,0.026829908756632603,0.026829908756632603,30.0
kōhuru,-0.0031538595041084236,0.018856643291699223,0.0157027837875908,-0.022010502795807647,0.022010502795807647,14.0
kōkiri,-0.00121627169340629,0.0024239931464371403,0.0012077214530308504,-0.0036402648398434303,0.0036402648398434303,6.0
kōrero,-0.010736603034230938,0.01783144089164893,0.0070948378574179904,-0.028568043925879867,0.028568043925879867,64.0
mahi,0.004045008867928331,-0.0031350595971114136,0.0009099492708169172,0.007180068465039744,0.007180068465039744,32.0
manaaki,0.0174941812550268,-0.005810896761335792,0.011683284493691007,0.023305078016362592,0.023305078016362592,24.0
mau,1.8630319569199854e-05,-1.8564835141891596e-05,6.548442730825815e-08,3.719515471109145e-05,3.719515471109145e-05,12.0
maumahara,-0.00121627169340629,0.0024239931464371403,0.0012077214530308504,-0.0036402648398434303,0.0036402648398434303,6.0
mea,0.0049147676258096944,-0.0024487462599596626,0.002466021365850032,0.0073635138857693575,0.0073635138857693575,12.0
mema,-0.00121627169340629,0.0024239931464371403,0.0012077214530308504,-0.0036402648398434303,0.0036402648398434303,6.0
moe,-0.0019313777041790666,0.005773767091052008,0.0038423893868729415,-0.007705144795231074,0.007705144795231074,8.0
moemoe,-0.00121627169340629,0.0024239931464371403,0.0012077214530308504,-0.0036402648398434303,0.0036402648398434303,6.0
motu-ngangara,0.0024573838129048472,-0.0012243731299798313,0.001233010682925016,0.0036817569428846788,0.0036817569428846788,6.0
muru,1.2420213046133526e-05,-1.2376556761261352e-05,4.3656284872174925e-08,2.4796769807394876e-05,2.4796769807394876e-05,8.0
mōhio,0.0024573838129048472,-0.0012243731299798313,0.001233010682925016,0.0036817569428846788,0.0036817569428846788,6.0
nanakia,-0.00121627169340629,0.0024239931464371403,0.0012077214530308504,-0.0036402648398434303,0.0036402648398434303,6.0
ngau,0.0024573838129048472,-0.0012243731299798313,0.001233010682925016,0.0036817569428846788,0.0036817569428846788,6.0
noho,-0.00141779180849942,0.002119212536254406,0.000701420727754986,-0.003537004344753826,0.003537004344753826,10.0
ohorere,-0.00121627169340629,0.0024239931464371403,0.0012077214530308504,-0.0036402648398434303,0.0036402648398434303,6.0
ora,0.0024573838129048472,-0.0012243731299798313,0.001233010682925016,0.0036817569428846788,0.0036817569428846788,6.0
pakanga,0.0024573838129048472,-0.0012243731299798313,0.001233010682925016,0.0036817569428846788,0.0036817569428846788,6.0
para,0.0024573838129048472,-0.0012243731299798313,0.001233010682925016,0.0036817569428846788,0.0036817569428846788,6.0
parau,0.0024573838129048472,-0.0012243731299798313,0.001233010682925016,0.0036817569428846788,0.0036817569428846788,6.0
pare,0.0024573838129048472,-0.0012243731299798313,0.001233010682925016,0.0036817569428846788,0.0036817569428846788,6.0
patu,0.0024573838129048472,-0.0012243731299798313,0.001233010682925016,0.0036817569428846788,0.0036817569428846788,6.0
pei,0.0024573838129048472,-0.0012243731299798313,0.001233010682925016,0.0036817569428846788,0.0036817569428846788,6.0
piki,0.0024573838129048472,-0.0012243731299798313,0.001233010682925016,0.0036817569428846788,0.0036817569428846788,6.0
poipoi,-0.00243254338681258,0.004847986292874281,0.0024154429060617008,-0.007280529679686861,0.007280529679686861,12.0
pupuri,-0.00141779180849942,0.002119212536254406,0.000701420727754986,-0.003537004344753826,0.003537004344753826,10.0
puta,0.0024573838129048472,-0.0012243731299798313,0.001233010682925016,0.0036817569428846788,0.0036817569428846788,6.0
pākaitore,0.0024573838129048472,-0.0012243731299798313,0.001233010682925016,0.0036817569428846788,0.0036817569428846788,6.0
pānui,-0.00121627169340629,0.0024239931464371403,0.0012077214530308504,-0.0036402648398434303,0.0036402648398434303,6.0
pātukituki,-0.00121627169340629,0.0024239931464371403,0.0012077214530308504,-0.0036402648398434303,0.0036402648398434303,6.0
pīkau,-0.00121627169340629,0.0024239931464371403,0.0012077214530308504,-0.0036402648398434303,0.0036402648398434303,6.0
pōhiri,0.0058313937516756,-0.0019369655871119304,0.0038944281645636697,0.00776835933878753,0.00776835933878753,8.0
pōwhiri,-0.00141779180849942,0.002119212536254406,0.000701420727754986,-0.003537004344753826,0.003537004344753826,10.0
rangahau,-0.00121627169340629,0.0024239931464371403,0.0012077214530308504,-0.0036402648398434303,0.0036402648398434303,6.0
rapu,0.014223624716337558,-0.0028347259100750073,0.011388898806262551,0.017058350626412564,0.017058350626412564,12.0
raru,0.0024573838129048472,-0.0012243731299798313,0.001233010682925016,0.0036817569428846788,0.0036817569428846788,6.0
raupatu,0.0024573838129048472,-0.0012243731299798313,0.001233010682925016,0.0036817569428846788,0.0036817569428846788,6.0
raweke,-0.00121627169340629,0.0024239931464371403,0.0012077214530308504,-0.0036402648398434303,0.0036402648398434303,6.0
rere,0.0058313937516756,-0.0019369655871119304,0.0038944281645636697,0.00776835933878753,0.00776835933878753,8.0
riro,0.0024573838129048472,-0.0012243731299798313,0.001233010682925016,0.0036817569428846788,0.0036817569428846788,6.0
rongoā,-0.00121627169340629,0.0024239931464371403,0.0012077214530308504,-0.0036402648398434303,0.0036402648398434303,6.0
rua,1.2420213046133526e-05,-1.2376556761261352e-05,4.3656284872174925e-08,2.4796769807394876e-05,2.4796769807394876e-05,8.0
rui,-0.00121627169340629,0.0024239931464371403,0.0012077214530308504,-0.0036402648398434303,0.0036402648398434303,6.0
rūātoki,0.0024573838129048472,-0.0012243731299798313,0.001233010682925016,0.0036817569428846788,0.0036817569428846788,6.0
tae,-0.003219645860584043,0.008020822508572728,0.004801176647988684,-0.011240468369156771,0.011240468369156771,14.0
tahu,1.2420213046133526e-05,-1.2376556761261352e-05,4.3656284872174925e-08,2.4796769807394876e-05,2.4796769807394876e-05,8.0
taka-hue,0.0024573838129048472,-0.0012243731299798313,0.001233010682925016,0.0036817569428846788,0.0036817569428846788,6.0
takahi,-0.00154936452145066,0.001929898250576723,0.0003805337291260631,-0.003479262772027383,0.003479262772027383,18.0
takatakahi,-0.0019313777041790666,0.005773767091052008,0.0038423893868729415,-0.007705144795231074,0.007705144795231074,8.0
takawaenga,-0.00121627169340629,0.0024239931464371403,0.0012077214530308504,-0.0036402648398434303,0.0036402648398434303,6.0
taki,-0.0019313777041790666,0.005773767091052008,0.0038423893868729415,-0.007705144795231074,0.007705144795231074,8.0
takoha,0.0024573838129048472,-0.0012243731299798313,0.001233010682925016,0.0036817569428846788,0.0036817569428846788,6.0
tangi,1.8630319569199854e-05,-1.8564835141891596e-05,6.548442730825815e-08,3.719515471109145e-05,3.719515471109145e-05,12.0
tango,-0.0028323047302213785,0.014111746766568732,0.011279442036347353,-0.01694405149679011,0.01694405149679011,12.0
tapa,0.0024573838129048472,-0.0012243731299798313,0.001233010682925016,0.0036817569428846788,0.0036817569428846788,6.0
tapahi,-0.00121627169340629,0.0024239931464371403,0.0012077214530308504,-0.0036402648398434303,0.0036402648398434303,6.0
tari,0.0024573838129048472,-0.0012243731299798313,0.001233010682925016,0.0036817569428846788,0.0036817569428846788,6.0
tau,-0.00121627169340629,0.0024239931464371403,0.0012077214530308504,-0.0036402648398434303,0.0036402648398434303,6.0
tauira,-0.00121627169340629,0.0024239931464371403,0.0012077214530308504,-0.0036402648398434303,0.0036402648398434303,6.0
tautohe,0.0024573838129048472,-0.0012243731299798313,0.001233010682925016,0.0036817569428846788,0.0036817569428846788,6.0
tautoko,-0.00283558361699884,0.004238425072508812,0.001402841455509972,-0.007074008689507652,0.007074008689507652,20.0
tiaki,0.004327896703775061,-0.002875122942050919,0.0014527737617241422,0.00720301964582598,0.00720301964582598,20.0
tiki,0.009804694825527122,-0.002442557981579032,0.007362136843948089,0.012247252807106153,0.012247252807106153,10.0
tikitiki,0.0024573838129048472,-0.0012243731299798313,0.001233010682925016,0.0036817569428846788,0.0036817569428846788,6.0
tinihanga,0.0058313937516756,-0.0019369655871119304,0.0038944281645636697,0.00776835933878753,0.00776835933878753,8.0
tiro,0.0024573838129048472,-0.0012243731299798313,0.001233010682925016,0.0036817569428846788,0.0036817569428846788,6.0
tirotiro,-0.00121627169340629,0.0024239931464371403,0.0012077214530308504,-0.0036402648398434303,0.0036402648398434303,6.0
titiro,0.004535685662826891,-0.0027118458040311217,0.0018238398587957691,0.007247531466858012,0.007247531466858012,16.0
toha,-0.0019313777041790666,0.005773767091052008,0.0038423893868729415,-0.007705144795231074,0.007705144795231074,8.0
tohatoha,-0.00121627169340629,0.0024239931464371403,0.0012077214530308504,-0.0036402648398434303,0.0036402648398434303,6.0
tohe,-0.00121627169340629,0.0024239931464371403,0.0012077214530308504,-0.0036402648398434303,0.0036402648398434303,6.0
tohi,-0.00121627169340629,0.0024239931464371403,0.0012077214530308504,-0.0036402648398434303,0.0036402648398434303,6.0
tohu,-0.00150349704790054,0.0019976164643458845,0.0004941194164453445,-0.0035011135122464242,0.0035011135122464242,14.0
tohutohu,-0.00243254338681258,0.004847986292874281,0.0024154429060617008,-0.007280529679686861,0.007280529679686861,12.0
tono,3.726063913839971e-05,-3.712967028378319e-05,1.309688546165163e-07,7.43903094221829e-05,7.43903094221829e-05,24.0
tonotono,0.0024573838129048472,-0.0012243731299798313,0.001233010682925016,0.0036817569428846788,0.0036817569428846788,6.0
tuarua,0.0024573838129048472,-0.0012243731299798313,0.001233010682925016,0.0036817569428846788,0.0036817569428846788,6.0
tuhi,-0.0019313777041790666,0.005773767091052008,0.0038423893868729415,-0.007705144795231074,0.007705144795231074,8.0
tuhituhi,0.0024573838129048472,-0.0012243731299798313,0.001233010682925016,0.0036817569428846788,0.0036817569428846788,6.0
tuitui,-0.00121627169340629,0.0024239931464371403,0.0012077214530308504,-0.0036402648398434303,0.0036402648398434303,6.0
tuki,-0.00121627169340629,0.0024239931464371403,0.0012077214530308504,-0.0036402648398434303,0.0036402648398434303,6.0
tuku,-0.00283558361699884,0.004238425072508812,0.001402841455509972,-0.007074008689507652,0.007074008689507652,20.0
turaki,0.0058313937516756,-0.0019369655871119304,0.0038944281645636697,0.00776835933878753,0.00776835933878753,8.0
tuwhera,-0.00121627169340629,0.0024239931464371403,0.0012077214530308504,-0.0036402648398434303,0.0036402648398434303,6.0
tā,-0.00141779180849942,0.002119212536254406,0.000701420727754986,-0.003537004344753826,0.003537004344753826,10.0
tākiri,0.0024573838129048472,-0.0012243731299798313,0.001233010682925016,0.0036817569428846788,0.0036817569428846788,6.0
tārai,-0.00121627169340629,0.0024239931464371403,0.0012077214530308504,-0.0036402648398434303,0.0036402648398434303,6.0
tēnei,-0.00121627169340629,0.0024239931464371403,0.0012077214530308504,-0.0036402648398434303,0.0036402648398434303,6.0
tētahi,0.0058313937516756,-0.0019369655871119304,0.0038944281645636697,0.00776835933878753,0.00776835933878753,8.0
tīmata,3.726063913839971e-05,-3.712967028378319e-05,1.309688546165163e-07,7.43903094221829e-05,7.43903094221829e-05,24.0
tō,1.2420213046133526e-05,-1.2376556761261352e-05,4.3656284872174925e-08,2.4796769807394876e-05,2.4796769807394876e-05,8.0
tū,0.0024573838129048472,-0.0012243731299798313,0.001233010682925016,0.0036817569428846788,0.0036817569428846788,6.0
tūkino,-0.00121627169340629,0.0024239931464371403,0.0012077214530308504,-0.0036402648398434303,0.0036402648398434303,6.0
tūtaki,0.0024573838129048472,-0.0012243731299798313,0.001233010682925016,0.0036817569428846788,0.0036817569428846788,6.0
utu,-0.003219645860584043,0.008020822508572728,0.004801176647988684,-0.011240468369156771,0.011240468369156771,14.0
waiata,0.0024573838129048472,-0.0012243731299798313,0.001233010682925016,0.0036817569428846788,0.0036817569428846788,6.0
waihanga,-0.0024387534933356463,0.009720725699271085,0.007281972205935438,-0.012159479192606732,0.012159479192606732,10.0
waiho,0.0024573838129048472,-0.0012243731299798313,0.001233010682925016,0.0036817569428846788,0.0036817569428846788,6.0
wawata,-0.00121627169340629,0.0024239931464371403,0.0012077214530308504,-0.0036402648398434303,0.0036402648398434303,6.0
wero,-0.00121627169340629,0.0024239931464371403,0.0012077214530308504,-0.0036402648398434303,0.0036402648398434303,6.0
whai,-0.00141779180849942,0.002119212536254406,0.000701420727754986,-0.003537004344753826,0.003537004344753826,10.0
whaka-,-0.00121627169340629,0.0024239931464371403,0.0012077214530308504,-0.0036402648398434303,0.0036402648398434303,6.0
whakaae,1.8630319569199854e-05,-1.8564835141891596e-05,6.548442730825815e-08,3.719515471109145e-05,3.719515471109145e-05,12.0
whakaahua,-0.00121627169340629,0.0024239931464371403,0.0012077214530308504,-0.0036402648398434303,0.0036402648398434303,6.0
whakaako,1.2420213046133526e-05,-1.2376556761261352e-05,4.3656284872174925e-08,2.4796769807394876e-05,2.4796769807394876e-05,8.0
whakaara,1.2420213046133526e-05,-1.2376556761261352e-05,4.3656284872174925e-08,2.4796769807394876e-05,2.4796769807394876e-05,8.0
whakaari,0.0024573838129048472,-0.0012243731299798313,0.001233010682925016,0.0036817569428846788,0.0036817569428846788,6.0
whakaatu,1.8630319569199854e-05,-1.8564835141891596e-05,6.548442730825815e-08,3.719515471109145e-05,3.719515471109145e-05,12.0
whakahaere,-0.00851390185384403,0.016967952025059983,0.008454050171215954,-0.02548185387890401,0.02548185387890401,42.0
whakahau,0.002054343582718587,-0.0015353420185431968,0.0005190015641753903,0.003589685601261784,0.003589685601261784,14.0
whakahoki,0.0021639483518875306,-0.0014375614710254595,0.0007263868808620711,0.00360150982291299,0.00360150982291299,10.0
whakahuihui,0.0024573838129048472,-0.0012243731299798313,0.001233010682925016,0.0036817569428846788,0.0036817569428846788,6.0
whakahē,0.0024573838129048472,-0.0012243731299798313,0.001233010682925016,0.0036817569428846788,0.0036817569428846788,6.0
whakairi,0.0024573838129048472,-0.0012243731299798313,0.001233010682925016,0.0036817569428846788,0.0036817569428846788,6.0
whakairo,0.004327896703775061,-0.002875122942050919,0.0014527737617241422,0.00720301964582598,0.00720301964582598,20.0
whakakaingākau,0.0024573838129048472,-0.0012243731299798313,0.001233010682925016,0.0036817569428846788,0.0036817569428846788,6.0
whakakeokeo,0.0058313937516756,-0.0019369655871119304,0.0038944281645636697,0.00776835933878753,0.00776835933878753,8.0
whakakite,0.0024573838129048472,-0.0012243731299798313,0.001233010682925016,0.0036817569428846788,0.0036817569428846788,6.0
whakakopi,0.0021639483518875306,-0.0014375614710254595,0.0007263868808620711,0.00360150982291299,0.00360150982291299,10.0
whakakore,0.0024573838129048472,-0.0012243731299798313,0.001233010682925016,0.0036817569428846788,0.0036817569428846788,6.0
whakakotahi,-0.00121627169340629,0.0024239931464371403,0.0012077214530308504,-0.0036402648398434303,0.0036402648398434303,6.0
whakamahi,-0.00121627169340629,0.0024239931464371403,0.0012077214530308504,-0.0036402648398434303,0.0036402648398434303,6.0
whakamana,0.0049147676258096944,-0.0024487462599596626,0.002466021365850032,0.0073635138857693575,0.0073635138857693575,12.0
whakamau,0.0024573838129048472,-0.0012243731299798313,0.001233010682925016,0.0036817569428846788,0.0036817569428846788,6.0
whakamutu,1.2420213046133526e-05,-1.2376556761261352e-05,4.3656284872174925e-08,2.4796769807394876e-05,2.4796769807394876e-05,8.0
whakamāori,0.0024573838129048472,-0.0012243731299798313,0.001233010682925016,0.0036817569428846788,0.0036817569428846788,6.0
whakamārama,1.8630319569199854e-05,-1.8564835141891596e-05,6.548442730825815e-08,3.719515471109145e-05,3.719515471109145e-05,12.0
whakangāwari,1.2420213046133526e-05,-1.2376556761261352e-05,4.3656284872174925e-08,2.4796769807394876e-05,2.4796769807394876e-05,8.0
whakanui,-0.00121627169340629,0.0024239931464371403,0.0012077214530308504,-0.0036402648398434303,0.0036402648398434303,6.0
whakaora,0.0024573838129048472,-0.0012243731299798313,0.001233010682925016,0.0036817569428846788,0.0036817569428846788,6.0
whakaoti,0.0024573838129048472,-0.0012243731299798313,0.001233010682925016,0.0036817569428846788,0.0036817569428846788,6.0
whakapahū,-0.00121627169340629,0.0024239931464371403,0.0012077214530308504,-0.0036402648398434303,0.0036402648398434303,6.0
whakapai,0.009804694825527122,-0.002442557981579032,0.007362136843948089,0.012247252807106153,0.012247252807106153,10.0
whakapau,-0.00121627169340629,0.0024239931464371403,0.0012077214530308504,-0.0036402648398434303,0.0036402648398434303,6.0
whakapuaki,0.0024573838129048472,-0.0012243731299798313,0.001233010682925016,0.0036817569428846788,0.0036817569428846788,6.0
whakapuare,0.0024573838129048472,-0.0012243731299798313,0.001233010682925016,0.0036817569428846788,0.0036817569428846788,6.0
whakaputa,-0.00150349704790054,0.0019976164643458845,0.0004941194164453445,-0.0035011135122464242,0.0035011135122464242,14.0
whakarahi,-0.00121627169340629,0.0024239931464371403,0.0012077214530308504,-0.0036402648398434303,0.0036402648398434303,6.0
whakarangatira,-0.00141779180849942,0.002119212536254406,0.000701420727754986,-0.003537004344753826,0.003537004344753826,10.0
whakararata,0.0024573838129048472,-0.0012243731299798313,0.001233010682925016,0.0036817569428846788,0.0036817569428846788,6.0
whakarei,0.0024573838129048472,-0.0012243731299798313,0.001233010682925016,0.0036817569428846788,0.0036817569428846788,6.0
whakareka,0.0024573838129048472,-0.0012243731299798313,0.001233010682925016,0.0036817569428846788,0.0036817569428846788,6.0
whakarite,0.0049147676258096944,-0.0024487462599596626,0.002466021365850032,0.0073635138857693575,0.0073635138857693575,12.0
whakariterite,0.0024573838129048472,-0.0012243731299798313,0.001233010682925016,0.0036817569428846788,0.0036817569428846788,6.0
whakarāhui,-0.00121627169340629,0.0024239931464371403,0.0012077214530308504,-0.0036402648398434303,0.0036402648398434303,6.0
whakatakoto,0.004327896703775061,-0.002875122942050919,0.0014527737617241422,0.00720301964582598,0.00720301964582598,20.0
whakatangi,-0.0019313777041790666,0.005773767091052008,0.0038423893868729415,-0.007705144795231074,0.007705144795231074,8.0
whakatatū,-0.0024387534933356463,0.009720725699271085,0.007281972205935438,-0.012159479192606732,0.012159479192606732,10.0
whakatau,-0.0044644271427969565,0.010380381564007685,0.005915954421210729,-0.014844808706804642,0.014844808706804642,20.0
whakatauira,-0.00121627169340629,0.0024239931464371403,0.0012077214530308504,-0.0036402648398434303,0.0036402648398434303,6.0
whakatere,0.009804694825527122,-0.002442557981579032,0.007362136843948089,0.012247252807106153,0.012247252807106153,10.0
whakatika,0.0049147676258096944,-0.0024487462599596626,0.002466021365850032,0.0073635138857693575,0.0073635138857693575,12.0
whakatikatika,-0.0028323047302213785,0.014111746766568732,0.011279442036347353,-0.01694405149679011,0.01694405149679011,12.0
whakatinana,0.0021639483518875306,-0.0014375614710254595,0.0007263868808620711,0.00360150982291299,0.00360150982291299,10.0
whakatipu,-0.00121627169340629,0.0024239931464371403,0.0012077214530308504,-0.0036402648398434303,0.0036402648398434303,6.0
whakatutuki,-0.0019313777041790666,0.005773767091052008,0.0038423893868729415,-0.007705144795231074,0.007705144795231074,8.0
whakatutū,-0.00141779180849942,0.002119212536254406,0.000701420727754986,-0.003537004344753826,0.003537004344753826,10.0
whakatuwhera,-0.00243254338681258,0.004847986292874281,0.0024154429060617008,-0.007280529679686861,0.007280529679686861,12.0
whakatā,0.0024573838129048472,-0.0012243731299798313,0.001233010682925016,0.0036817569428846788,0.0036817569428846788,6.0
whakatō,-0.0026841507585577346,0.004457860222912232,0.0017737094643544976,-0.007142010981469967,0.007142010981469967,16.0
whakatū,0.004535685662826891,-0.0027118458040311217,0.0018238398587957691,0.007247531466858012,0.007247531466858012,16.0
whakauru,1.2420213046133526e-05,-1.2376556761261352e-05,4.3656284872174925e-08,2.4796769807394876e-05,2.4796769807394876e-05,8.0
whakautu,0.0021639483518875306,-0.0014375614710254595,0.0007263868808620711,0.00360150982291299,0.00360150982291299,10.0
whakawā,0.0021639483518875306,-0.0014375614710254595,0.0007263868808620711,0.00360150982291299,0.00360150982291299,10.0
whakawātea,1.2420213046133526e-05,-1.2376556761261352e-05,4.3656284872174925e-08,2.4796769807394876e-05,2.4796769807394876e-05,8.0
whakawāwā,-0.00121627169340629,0.0024239931464371403,0.0012077214530308504,-0.0036402648398434303,0.0036402648398434303,6.0
whao,-0.00121627169340629,0.0024239931464371403,0.0012077214530308504,-0.0036402648398434303,0.0036402648398434303,6.0
whati,0.0024573838129048472,-0.0012243731299798313,0.001233010682925016,0.0036817569428846788,0.0036817569428846788,6.0
whawhai,0.0024573838129048472,-0.0012243731299798313,0.001233010682925016,0.0036817569428846788,0.0036817569428846788,6.0
whiri,0.0024573838129048472,-0.0012243731299798313,0.001233010682925016,0.0036817569428846788,0.0036817569428846788,6.0
whiriwhiri,0.019609389651054243,-0.004885115963158064,0.014724273687896179,0.024494505614212306,0.024494505614212306,20.0
whiu,0.0058313937516756,-0.0019369655871119304,0.0038944281645636697,0.00776835933878753,0.00776835933878753,8.0
whoatu,-0.00121627169340629,0.0024239931464371403,0.0012077214530308504,-0.0036402648398434303,0.0036402648398434303,6.0
whā,-0.00121627169340629,0.0024239931464371403,0.0012077214530308504,-0.0036402648398434303,0.0036402648398434303,6.0
whāki,0.0058313937516756,-0.0019369655871119304,0.0038944281645636697,0.00776835933878753,0.00776835933878753,8.0
whānako,-0.00121627169340629,0.0024239931464371403,0.0012077214530308504,-0.0036402648398434303,0.0036402648398434303,6.0
whāngai,0.00192546295325337,-0.0017055067283650238,0.00021995622488834633,0.003630969681618394,0.003630969681618394,34.0
wikitōria,0.0024573838129048472,-0.0012243731299798313,0.001233010682925016,0.0036817569428846788,0.0036817569428846788,6.0
wāhi,-0.00121627169340629,0.0024239931464371403,0.0012077214530308504,-0.0036402648398434303,0.0036402648398434303,6.0
wānanga,-0.00121627169340629,0.0024239931464371403,0.0012077214530308504,-0.0036402648398434303,0.0036402648398434303,6.0
{unclear,0.0024573838129048472,-0.0012243731299798313,0.001233010682925016,0.0036817569428846788,0.0036817569428846788,6.0
āhei,0.0024573838129048472,-0.0012243731299798313,0.001233010682925016,0.0036817569428846788,0.0036817569428846788,6.0
āhua,-0.00121627169340629,0.0024239931464371403,0.0012077214530308504,-0.0036402648398434303,0.0036402648398434303,6.0
ārahi,2.4840426092267053e-05,-2.4753113522522703e-05,8.731256974434985e-08,4.959353961478975e-05,4.959353961478975e-05,16.0
āta,0.004535685662826891,-0.0027118458040311217,0.0018238398587957691,0.007247531466858012,0.007247531466858012,16.0
āwherika,0.0024573838129048472,-0.0012243731299798313,0.001233010682925016,0.0036817569428846788,0.0036817569428846788,6.0
āwhina,0.0049147676258096944,-0.0024487462599596626,0.002466021365850032,0.0073635138857693575,0.0073635138857693575,12.0
īnia,0.0024573838129048472,-0.0012243731299798313,0.001233010682925016,0.0036817569428846788,0.0036817569428846788,6.0
ōrite,-0.00121627169340629,0.0024239931464371403,0.0012077214530308504,-0.0036402648398434303,0.0036402648398434303,6.0
ū,-0.00121627169340629,0.0024239931464371403,0.0012077214530308504,-0.0036402648398434303,0.0036402648398434303,6.0
